,trial,gameState,maze_region,duration,13-1
0,1,Encoding,Base,500,0
1,1,Encoding,Base,500,0
2,1,Encoding,Base,500,0
3,1,Encoding,Base,500,0
4,1,Encoding,Base,500,2
5,1,Encoding,Base,500,0
6,1,Encoding,Base,500,1
7,1,Encoding,SE_Hall,500,0
8,1,Encoding,SE_Hall,500,2
9,1,Encoding,SE_Hall,500,0
10,1,Encoding,SE_Hall,500,0
11,1,Encoding,SE_Hall,500,1
12,1,Encoding,SE_Room,500,5
13,1,Encoding,SE_Room,500,0
14,1,Encoding,SE_Room,500,1
15,1,Encoding,SE_Room,500,0
16,1,Encoding,SE_Room,500,2
17,1,Encoding,SE_Room,500,0
18,1,Encoding,SE_Room,500,0
19,1,Encoding,SE_Room,500,1
20,1,Encoding,SE_Room,500,0
21,1,Encoding,SE_Room,500,0
22,1,Encoding,SE_Room,500,1
23,1,Encoding,SE_Room,500,1
24,1,Encoding,C_Hall,500,0
25,1,Encoding,C_Hall,500,2
26,1,Encoding,SE_Room,500,0
27,1,Encoding,SE_Room,500,4
28,1,Encoding,SE_Room,500,0
29,1,Encoding,C_Hall,500,0
30,1,Encoding,NE_Room,500,0
31,1,Encoding,NE_Room,500,1
32,1,Encoding,NE_Room,500,1
33,1,Encoding,NE_Room,500,0
34,1,Encoding,NE_Room,500,0
35,1,Encoding,NE_Hall,500,0
36,1,Encoding,NE_Hall,500,1
37,1,Encoding,NE_Hall,500,1
38,1,Encoding,NE_Hall,500,1
39,1,Encoding,NE_Hall,500,0
40,1,Encoding,NE_Hall,500,0
41,1,Encoding,NE_Hall,500,1
42,1,Encoding,NE_Hall,500,0
43,1,Encoding,NE_Hall,500,0
44,1,Encoding,N_Passage,500,0
45,1,Encoding,N_Passage,500,0
46,1,Encoding,N_Passage,500,0
47,1,Encoding,N_Passage,500,0
48,1,Encoding,N_Passage,500,0
49,1,Encoding,N_Passage,500,1
50,1,Encoding,N_Passage,500,0
51,1,Encoding,NW_Hall,500,0
52,1,Encoding,NW_Hall,500,0
53,1,Encoding,NW_Hall,500,0
54,1,Encoding,NW_Hall,500,0
55,1,Encoding,NW_Hall,500,1
56,1,Encoding,NW_Hall,500,1
57,1,Encoding,NW_Hall,500,0
58,1,Encoding,NW_Hall,500,0
59,1,Encoding,NW_Hall,500,1
60,2,Encoding,Base,500,0
61,2,Encoding,Base,500,0
62,2,Encoding,Base,500,0
63,2,Encoding,Base,500,0
64,2,Encoding,Base,500,1
65,2,Encoding,Base,500,0
66,2,Encoding,Base,500,0
67,2,Encoding,Base,500,0
68,2,Encoding,Base,500,1
69,2,Encoding,S_Passage,500,0
70,2,Encoding,S_Passage,500,0
71,2,Encoding,S_Passage,500,0
72,2,Encoding,C_Hall,500,0
73,2,Encoding,C_Hall,500,0
74,2,Encoding,C_Hall,500,1
75,2,Encoding,C_Hall,500,1
76,2,Encoding,C_Hall,500,0
77,2,Encoding,C_Hall,500,1
78,2,Encoding,C_Hall,500,0
79,2,Encoding,SE_Room,500,1
80,2,Encoding,SE_Room,500,0
81,2,Encoding,SE_Room,500,0
82,2,Encoding,SE_Room,500,0
83,2,Encoding,SE_Room,500,0
84,2,Encoding,SE_Room,500,0
85,2,Encoding,SE_Room,500,0
86,2,Encoding,SE_Room,500,0
87,2,Encoding,SE_Room,500,0
88,2,Encoding,SE_Room,500,0
89,2,Encoding,SE_Room,500,1
90,2,Encoding,SE_Room,500,0
91,2,Encoding,SE_Room,500,0
92,2,Encoding,SE_Room,500,0
93,2,Encoding,SE_Room,500,0
94,2,Encoding,SE_Room,500,0
95,2,Encoding,SE_Hall,500,0
96,2,Encoding,SE_Hall,500,1
97,2,Encoding,SE_Hall,500,0
98,2,Encoding,SE_Hall,500,0
99,2,Encoding,SE_Hall,500,1
100,2,Encoding,SE_Hall,500,0
101,2,Encoding,SE_Hall,500,1
102,2,Encoding,SE_Hall,500,2
103,2,Encoding,SE_Hall,500,0
104,2,Encoding,Base,500,1
105,2,Encoding,Base,500,0
106,2,Encoding,Base,500,0
107,2,Encoding,Base,500,0
108,2,Encoding,Base,500,1
109,2,Encoding,Base,500,1
110,2,Encoding,Base,500,0
111,2,Encoding,Base,500,0
112,2,Encoding,Base,500,1
113,2,Encoding,Base,500,1
114,2,Encoding,Base,500,1
115,2,Encoding,Base,500,0
116,2,Encoding,Base,500,0
117,2,Encoding,Base,500,1
118,2,Encoding,Base,500,0
119,2,Encoding,Base,500,1
120,3,Encoding,Base,500,2
121,3,Encoding,Base,500,0
122,3,Encoding,Base,500,0
123,3,Encoding,Base,500,0
124,3,Encoding,Base,500,1
125,3,Encoding,Base,500,0
126,3,Encoding,SW_Hall,500,1
127,3,Encoding,SW_Hall,500,0
128,3,Encoding,SW_Hall,500,0
129,3,Encoding,SW_Hall,500,0
130,3,Encoding,SW_Hall,500,0
131,3,Encoding,SW_Hall,500,1
132,3,Encoding,SW_Room,500,0
133,3,Encoding,SW_Room,500,0
134,3,Encoding,SW_Room,500,0
135,3,Encoding,SW_Room,500,1
136,3,Encoding,SW_Room,500,0
137,3,Encoding,SW_Room,500,0
138,3,Encoding,C_Hall,500,0
139,3,Encoding,C_Hall,500,0
140,3,Encoding,NW_Room,500,0
141,3,Encoding,NW_Room,500,1
142,3,Encoding,NW_Room,500,0
143,3,Encoding,NW_Room,500,0
144,3,Encoding,NW_Hall,500,2
145,3,Encoding,NW_Hall,500,0
146,3,Encoding,NW_Hall,500,0
147,3,Encoding,NW_Hall,500,0
148,3,Encoding,NW_Hall,500,0
149,3,Encoding,NW_Hall,500,0
150,3,Encoding,NW_Hall,500,1
151,3,Encoding,NW_Hall,500,0
152,3,Encoding,N_Passage,500,0
153,3,Encoding,N_Passage,500,0
154,3,Encoding,NE_Hall,500,0
155,3,Encoding,NE_Hall,500,0
156,3,Encoding,NE_Hall,500,0
157,3,Encoding,NE_Hall,500,0
158,3,Encoding,NE_Hall,500,0
159,3,Encoding,NE_Room,500,0
160,3,Encoding,NE_Room,500,0
161,3,Encoding,NE_Room,500,2
162,3,Encoding,NE_Room,500,0
163,3,Encoding,NE_Room,500,0
164,3,Encoding,NE_Room,500,0
165,3,Encoding,NE_Room,500,0
166,3,Encoding,NE_Room,500,0
167,3,Encoding,C_Hall,500,2
168,3,Encoding,SE_Room,500,0
169,3,Encoding,SE_Room,500,0
170,3,Encoding,SE_Room,500,0
171,3,Encoding,SE_Room,500,0
172,3,Encoding,SE_Hall,500,0
173,3,Encoding,SE_Hall,500,1
174,3,Encoding,SE_Hall,500,0
175,3,Encoding,SE_Hall,500,0
176,3,Encoding,SE_Hall,500,2
177,3,Encoding,Base,500,1
178,3,Encoding,Base,500,0
179,3,Encoding,Base,500,0
180,4,Encoding,Base,500,2
181,4,Encoding,Base,500,0
182,4,Encoding,Base,500,0
183,4,Encoding,Base,500,0
184,4,Encoding,Base,500,0
185,4,Encoding,Base,500,0
186,4,Encoding,SW_Hall,500,0
187,4,Encoding,SW_Hall,500,1
188,4,Encoding,SW_Hall,500,0
189,4,Encoding,SW_Hall,500,0
190,4,Encoding,SW_Hall,500,0
191,4,Encoding,SW_Hall,500,0
192,4,Encoding,SW_Hall,500,0
193,4,Encoding,SW_Hall,500,0
194,4,Encoding,SW_Room,500,0
195,4,Encoding,SW_Room,500,0
196,4,Encoding,SW_Room,500,0
197,4,Encoding,SW_Room,500,0
198,4,Encoding,SW_Room,500,0
199,4,Encoding,SW_Room,500,0
200,4,Encoding,SW_Room,500,0
201,4,Encoding,C_Hall,500,1
202,4,Encoding,NW_Room,500,0
203,4,Encoding,NW_Room,500,0
204,4,Encoding,NW_Room,500,1
205,4,Encoding,NW_Room,500,1
206,4,Encoding,NW_Hall,500,0
207,4,Encoding,NW_Hall,500,0
208,4,Encoding,NW_Hall,500,0
209,4,Encoding,NW_Hall,500,0
210,4,Encoding,NW_Hall,500,0
211,4,Encoding,NW_Hall,500,0
212,4,Encoding,N_Passage,500,0
213,4,Encoding,N_Passage,500,0
214,4,Encoding,N_Passage,500,0
215,4,Encoding,N_Passage,500,1
216,4,Encoding,N_Passage,500,0
217,4,Encoding,N_Passage,500,4
218,4,Encoding,C_Hall,500,0
219,4,Encoding,C_Hall,500,0
220,4,Encoding,S_Passage,500,0
221,4,Encoding,S_Passage,500,0
222,4,Encoding,S_Passage,500,1
223,4,Encoding,Base,500,0
224,4,Encoding,Base,500,0
225,4,Encoding,Base,500,0
226,4,Encoding,Base,500,0
227,4,Encoding,Base,500,0
228,4,Encoding,Base,500,0
229,4,Encoding,Base,500,1
230,4,Encoding,Base,500,1
231,4,Encoding,Base,500,2
232,4,Encoding,Base,500,0
233,4,Encoding,Base,500,0
234,4,Encoding,Base,500,0
235,4,Encoding,Base,500,0
236,4,Encoding,Base,500,0
237,4,Encoding,Base,500,0
238,4,Encoding,Base,500,0
239,4,Encoding,Base,500,1
240,5,Encoding,Base,500,0
241,5,Encoding,Base,500,0
242,5,Encoding,Base,500,0
243,5,Encoding,Base,500,0
244,5,Encoding,Base,500,0
245,5,Encoding,SE_Hall,500,0
246,5,Encoding,SE_Hall,500,0
247,5,Encoding,SE_Hall,500,0
248,5,Encoding,SE_Hall,500,0
249,5,Encoding,SE_Hall,500,0
250,5,Encoding,SE_Room,500,1
251,5,Encoding,SE_Room,500,0
252,5,Encoding,SE_Room,500,1
253,5,Encoding,SE_Room,500,0
254,5,Encoding,C_Hall,500,0
255,5,Encoding,C_Hall,500,0
256,5,Encoding,NE_Room,500,2
257,5,Encoding,NE_Room,500,0
258,5,Encoding,NE_Room,500,0
259,5,Encoding,NE_Room,500,0
260,5,Encoding,NE_Room,500,0
261,5,Encoding,NE_Room,500,2
262,5,Encoding,NE_Hall,500,0
263,5,Encoding,NE_Hall,500,0
264,5,Encoding,NE_Hall,500,0
265,5,Encoding,NE_Hall,500,0
266,5,Encoding,NE_Hall,500,0
267,5,Encoding,NE_Hall,500,0
268,5,Encoding,NE_Hall,500,0
269,5,Encoding,NE_Hall,500,0
270,5,Encoding,NE_Hall,500,2
271,5,Encoding,NE_Hall,500,0
272,5,Encoding,NE_Hall,500,0
273,5,Encoding,N_Passage,500,0
274,5,Encoding,N_Passage,500,0
275,5,Encoding,NW_Hall,500,1
276,5,Encoding,NW_Hall,500,0
277,5,Encoding,NW_Hall,500,0
278,5,Encoding,NW_Hall,500,0
279,5,Encoding,NW_Hall,500,0
280,5,Encoding,NW_Hall,500,1
281,5,Encoding,NW_Hall,500,0
282,5,Encoding,NW_Room,500,0
283,5,Encoding,NW_Room,500,0
284,5,Encoding,NW_Room,500,0
285,5,Encoding,NW_Room,500,1
286,5,Encoding,C_Hall,500,0
287,5,Encoding,C_Hall,500,0
288,5,Encoding,SW_Room,500,0
289,5,Encoding,SW_Room,500,0
290,5,Encoding,SW_Room,500,0
291,5,Encoding,SW_Hall,500,0
292,5,Encoding,SW_Hall,500,1
293,5,Encoding,SW_Hall,500,1
294,5,Encoding,SW_Hall,500,0
295,5,Encoding,SW_Hall,500,0
296,5,Encoding,Base,500,0
297,5,Encoding,Base,500,1
298,5,Encoding,Base,500,0
299,5,Encoding,Base,500,0
300,6,Encoding,Base,500,1
301,6,Encoding,Base,500,0
302,6,Encoding,Base,500,2
303,6,Encoding,Base,500,1
304,6,Encoding,Base,500,0
305,6,Encoding,Base,500,1
306,6,Encoding,S_Passage,500,0
307,6,Encoding,S_Passage,500,0
308,6,Encoding,C_Hall,500,0
309,6,Encoding,C_Hall,500,1
310,6,Encoding,C_Hall,500,0
311,6,Encoding,C_Hall,500,0
312,6,Encoding,C_Hall,500,1
313,6,Encoding,C_Hall,500,0
314,6,Encoding,C_Hall,500,0
315,6,Encoding,C_Hall,500,0
316,6,Encoding,C_Hall,500,0
317,6,Encoding,NE_Room,500,1
318,6,Encoding,NE_Room,500,0
319,6,Encoding,NE_Room,500,0
320,6,Encoding,NE_Room,500,1
321,6,Encoding,NE_Hall,500,1
322,6,Encoding,NE_Hall,500,1
323,6,Encoding,NE_Hall,500,0
324,6,Encoding,NE_Hall,500,0
325,6,Encoding,NE_Hall,500,0
326,6,Encoding,NE_Hall,500,0
327,6,Encoding,NE_Hall,500,0
328,6,Encoding,N_Passage,500,0
329,6,Encoding,N_Passage,500,1
330,6,Encoding,NW_Hall,500,0
331,6,Encoding,NW_Hall,500,1
332,6,Encoding,NW_Hall,500,0
333,6,Encoding,NW_Hall,500,0
334,6,Encoding,NW_Hall,500,0
335,6,Encoding,NW_Hall,500,0
336,6,Encoding,NW_Hall,500,0
337,6,Encoding,NW_Room,500,1
338,6,Encoding,NW_Room,500,0
339,6,Encoding,NW_Room,500,0
340,6,Encoding,C_Hall,500,0
341,6,Encoding,C_Hall,500,0
342,6,Encoding,SW_Room,500,1
343,6,Encoding,SW_Room,500,0
344,6,Encoding,SW_Room,500,0
345,6,Encoding,SW_Room,500,0
346,6,Encoding,SW_Hall,500,0
347,6,Encoding,SW_Hall,500,3
348,6,Encoding,SW_Hall,500,0
349,6,Encoding,SW_Hall,500,0
350,6,Encoding,SW_Hall,500,0
351,6,Encoding,Base,500,0
352,6,Encoding,Base,500,0
353,6,Encoding,Base,500,0
354,6,Encoding,Base,500,1
355,6,Encoding,Base,500,0
356,6,Encoding,Base,500,0
357,6,Encoding,Base,500,0
358,6,Encoding,Base,500,0
359,6,Encoding,Base,500,0
360,7,Encoding,Base,500,0
361,7,Encoding,Base,500,1
362,7,Encoding,Base,500,0
363,7,Encoding,Base,500,0
364,7,Encoding,Base,500,0
365,7,Encoding,S_Passage,500,0
366,7,Encoding,S_Passage,500,0
367,7,Encoding,S_Passage,500,2
368,7,Encoding,C_Hall,500,0
369,7,Encoding,C_Hall,500,0
370,7,Encoding,C_Hall,500,0
371,7,Encoding,C_Hall,500,0
372,7,Encoding,C_Hall,500,0
373,7,Encoding,NE_Room,500,0
374,7,Encoding,NE_Room,500,1
375,7,Encoding,NE_Room,500,0
376,7,Encoding,NE_Room,500,0
377,7,Encoding,NE_Hall,500,0
378,7,Encoding,NE_Hall,500,2
379,7,Encoding,NE_Hall,500,0
380,7,Encoding,NE_Hall,500,0
381,7,Encoding,NE_Hall,500,0
382,7,Encoding,NE_Hall,500,1
383,7,Encoding,NE_Hall,500,0
384,7,Encoding,N_Passage,500,1
385,7,Encoding,NW_Hall,500,0
386,7,Encoding,NW_Hall,500,1
387,7,Encoding,NW_Hall,500,0
388,7,Encoding,NW_Hall,500,0
389,7,Encoding,NW_Hall,500,0
390,7,Encoding,NW_Hall,500,0
391,7,Encoding,NW_Room,500,0
392,7,Encoding,NW_Room,500,0
393,7,Encoding,NW_Room,500,0
394,7,Encoding,NW_Room,500,0
395,7,Encoding,C_Hall,500,0
396,7,Encoding,C_Hall,500,2
397,7,Encoding,SW_Room,500,0
398,7,Encoding,SW_Room,500,2
399,7,Encoding,SW_Room,500,0
400,7,Encoding,SW_Room,500,0
401,7,Encoding,SW_Room,500,1
402,7,Encoding,SW_Room,500,0
403,7,Encoding,SW_Room,500,0
404,7,Encoding,SW_Room,500,1
405,7,Encoding,SW_Room,500,0
406,7,Encoding,SW_Room,500,0
407,7,Encoding,SW_Room,500,0
408,7,Encoding,SW_Hall,500,0
409,7,Encoding,SW_Hall,500,0
410,7,Encoding,SW_Hall,500,1
411,7,Encoding,SW_Hall,500,0
412,7,Encoding,SW_Hall,500,0
413,7,Encoding,SW_Hall,500,0
414,7,Encoding,SW_Hall,500,0
415,7,Encoding,Base,500,0
416,7,Encoding,Base,500,0
417,7,Encoding,Base,500,0
418,7,Encoding,Base,500,0
419,7,Encoding,Base,500,0
420,8,Encoding,Base,500,0
421,8,Encoding,Base,500,1
422,8,Encoding,Base,500,1
423,8,Encoding,Base,500,0
424,8,Encoding,Base,500,0
425,8,Encoding,SE_Hall,500,0
426,8,Encoding,SE_Hall,500,0
427,8,Encoding,SE_Hall,500,0
428,8,Encoding,SE_Hall,500,0
429,8,Encoding,SE_Hall,500,0
430,8,Encoding,SE_Room,500,0
431,8,Encoding,SE_Room,500,0
432,8,Encoding,SE_Room,500,0
433,8,Encoding,SE_Room,500,1
434,8,Encoding,C_Hall,500,0
435,8,Encoding,C_Hall,500,0
436,8,Encoding,C_Hall,500,0
437,8,Encoding,C_Hall,500,0
438,8,Encoding,C_Hall,500,0
439,8,Encoding,C_Hall,500,0
440,8,Encoding,C_Hall,500,1
441,8,Encoding,C_Hall,500,0
442,8,Encoding,C_Hall,500,0
443,8,Encoding,C_Hall,500,0
444,8,Encoding,C_Hall,500,0
445,8,Encoding,C_Hall,500,1
446,8,Encoding,C_Hall,500,0
447,8,Encoding,C_Hall,500,0
448,8,Encoding,C_Hall,500,0
449,8,Encoding,C_Hall,500,0
450,8,Encoding,C_Hall,500,0
451,8,Encoding,C_Hall,500,0
452,8,Encoding,C_Hall,500,0
453,8,Encoding,C_Hall,500,0
454,8,Encoding,C_Hall,500,0
455,8,Encoding,C_Hall,500,0
456,8,Encoding,C_Hall,500,0
457,8,Encoding,C_Hall,500,0
458,8,Encoding,C_Hall,500,0
459,8,Encoding,C_Hall,500,0
460,8,Encoding,N_Passage,500,0
461,8,Encoding,N_Passage,500,1
462,8,Encoding,N_Passage,500,0
463,8,Encoding,N_Passage,500,0
464,8,Encoding,N_Passage,500,0
465,8,Encoding,NW_Hall,500,0
466,8,Encoding,NW_Hall,500,1
467,8,Encoding,NW_Hall,500,0
468,8,Encoding,NW_Hall,500,0
469,8,Encoding,NW_Hall,500,0
470,8,Encoding,NW_Hall,500,0
471,8,Encoding,NW_Room,500,0
472,8,Encoding,NW_Room,500,0
473,8,Encoding,NW_Room,500,0
474,8,Encoding,NW_Room,500,0
475,8,Encoding,NW_Room,500,0
476,8,Encoding,NW_Room,500,0
477,8,Encoding,NW_Room,500,0
478,8,Encoding,NW_Room,500,0
479,8,Encoding,C_Hall,500,0
480,9,Encoding,Base,500,1
481,9,Encoding,Base,500,0
482,9,Encoding,Base,500,0
483,9,Encoding,Base,500,1
484,9,Encoding,Base,500,0
485,9,Encoding,SW_Hall,500,0
486,9,Encoding,SW_Hall,500,0
487,9,Encoding,SW_Hall,500,0
488,9,Encoding,SW_Hall,500,0
489,9,Encoding,SW_Hall,500,0
490,9,Encoding,SW_Room,500,0
491,9,Encoding,SW_Room,500,0
492,9,Encoding,SW_Room,500,0
493,9,Encoding,SW_Room,500,0
494,9,Encoding,SW_Room,500,2
495,9,Encoding,SW_Room,500,0
496,9,Encoding,SW_Room,500,1
497,9,Encoding,SW_Room,500,0
498,9,Encoding,SW_Room,500,0
499,9,Encoding,SW_Room,500,0
500,9,Encoding,SW_Room,500,0
501,9,Encoding,SW_Room,500,0
502,9,Encoding,C_Hall,500,0
503,9,Encoding,C_Hall,500,0
504,9,Encoding,NW_Room,500,3
505,9,Encoding,NW_Room,500,0
506,9,Encoding,NW_Room,500,0
507,9,Encoding,NW_Room,500,2
508,9,Encoding,NW_Hall,500,0
509,9,Encoding,NW_Hall,500,0
510,9,Encoding,NW_Hall,500,0
511,9,Encoding,NW_Hall,500,2
512,9,Encoding,NW_Hall,500,0
513,9,Encoding,NW_Hall,500,0
514,9,Encoding,NW_Hall,500,0
515,9,Encoding,NW_Hall,500,0
516,9,Encoding,N_Passage,500,0
517,9,Encoding,N_Passage,500,1
518,9,Encoding,N_Passage,500,0
519,9,Encoding,N_Passage,500,0
520,9,Encoding,N_Passage,500,0
521,9,Encoding,N_Passage,500,0
522,9,Encoding,C_Hall,500,0
523,9,Encoding,C_Hall,500,1
524,9,Encoding,C_Hall,500,0
525,9,Encoding,C_Hall,500,0
526,9,Encoding,SW_Room,500,0
527,9,Encoding,SW_Room,500,0
528,9,Encoding,SW_Room,500,0
529,9,Encoding,SW_Room,500,0
530,9,Encoding,SW_Room,500,0
531,9,Encoding,SW_Room,500,0
532,9,Encoding,SW_Room,500,0
533,9,Encoding,SW_Room,500,0
534,9,Encoding,SW_Hall,500,0
535,9,Encoding,SW_Hall,500,0
536,9,Encoding,SW_Hall,500,0
537,9,Encoding,SW_Hall,500,0
538,9,Encoding,SW_Hall,500,0
539,9,Encoding,Base,500,1
540,10,Encoding,Base,500,1
541,10,Encoding,Base,500,0
542,10,Encoding,Base,500,0
543,10,Encoding,Base,500,0
544,10,Encoding,Base,500,0
545,10,Encoding,SW_Hall,500,0
546,10,Encoding,SW_Hall,500,0
547,10,Encoding,SW_Hall,500,0
548,10,Encoding,SW_Hall,500,1
549,10,Encoding,SW_Hall,500,0
550,10,Encoding,SW_Hall,500,0
551,10,Encoding,SW_Hall,500,0
552,10,Encoding,SW_Room,500,0
553,10,Encoding,SW_Room,500,0
554,10,Encoding,SW_Room,500,0
555,10,Encoding,SW_Room,500,0
556,10,Encoding,C_Hall,500,1
557,10,Encoding,C_Hall,500,0
558,10,Encoding,C_Hall,500,0
559,10,Encoding,C_Hall,500,0
560,10,Encoding,C_Hall,500,0
561,10,Encoding,C_Hall,500,0
562,10,Encoding,C_Hall,500,0
563,10,Encoding,C_Hall,500,0
564,10,Encoding,NW_Room,500,0
565,10,Encoding,NW_Room,500,0
566,10,Encoding,NW_Room,500,0
567,10,Encoding,NW_Room,500,0
568,10,Encoding,NW_Hall,500,0
569,10,Encoding,NW_Hall,500,0
570,10,Encoding,NW_Hall,500,1
571,10,Encoding,NW_Hall,500,0
572,10,Encoding,NW_Hall,500,0
573,10,Encoding,NW_Hall,500,1
574,10,Encoding,N_Passage,500,0
575,10,Encoding,NE_Hall,500,0
576,10,Encoding,NE_Hall,500,0
577,10,Encoding,NE_Hall,500,1
578,10,Encoding,NE_Hall,500,0
579,10,Encoding,NE_Hall,500,0
580,10,Encoding,NE_Hall,500,0
581,10,Encoding,NE_Hall,500,0
582,10,Encoding,NE_Room,500,0
583,10,Encoding,NE_Room,500,1
584,10,Encoding,NE_Room,500,1
585,10,Encoding,NE_Room,500,0
586,10,Encoding,C_Hall,500,0
587,10,Encoding,SE_Room,500,0
588,10,Encoding,SE_Room,500,1
589,10,Encoding,SE_Room,500,0
590,10,Encoding,SE_Room,500,1
591,10,Encoding,SE_Room,500,0
592,10,Encoding,SE_Room,500,1
593,10,Encoding,SE_Hall,500,0
594,10,Encoding,SE_Hall,500,1
595,10,Encoding,SE_Hall,500,0
596,10,Encoding,SE_Hall,500,1
597,10,Encoding,SE_Hall,500,3
598,10,Encoding,Base,500,0
599,10,Encoding,Base,500,2
600,11,Encoding,Base,500,0
601,11,Encoding,Base,500,0
602,11,Encoding,Base,500,0
603,11,Encoding,Base,500,1
604,11,Encoding,S_Passage,500,0
605,11,Encoding,S_Passage,500,0
606,11,Encoding,S_Passage,500,0
607,11,Encoding,S_Passage,500,0
608,11,Encoding,S_Passage,500,0
609,11,Encoding,C_Hall,500,0
610,11,Encoding,C_Hall,500,0
611,11,Encoding,C_Hall,500,1
612,11,Encoding,C_Hall,500,0
613,11,Encoding,C_Hall,500,0
614,11,Encoding,NE_Room,500,1
615,11,Encoding,NE_Room,500,2
616,11,Encoding,NE_Room,500,0
617,11,Encoding,NE_Room,500,0
618,11,Encoding,NE_Room,500,0
619,11,Encoding,NE_Hall,500,0
620,11,Encoding,NE_Hall,500,0
621,11,Encoding,NE_Hall,500,0
622,11,Encoding,NE_Hall,500,0
623,11,Encoding,NE_Hall,500,0
624,11,Encoding,NE_Hall,500,0
625,11,Encoding,NE_Hall,500,0
626,11,Encoding,NE_Hall,500,0
627,11,Encoding,N_Passage,500,0
628,11,Encoding,N_Passage,500,1
629,11,Encoding,NW_Hall,500,0
630,11,Encoding,NW_Hall,500,0
631,11,Encoding,NW_Hall,500,0
632,11,Encoding,NW_Hall,500,0
633,11,Encoding,NW_Hall,500,0
634,11,Encoding,NW_Hall,500,0
635,11,Encoding,NW_Hall,500,0
636,11,Encoding,NW_Hall,500,2
637,11,Encoding,NW_Room,500,0
638,11,Encoding,NW_Room,500,1
639,11,Encoding,NW_Room,500,2
640,11,Encoding,NW_Room,500,0
641,11,Encoding,NW_Room,500,0
642,11,Encoding,C_Hall,500,0
643,11,Encoding,C_Hall,500,0
644,11,Encoding,C_Hall,500,0
645,11,Encoding,S_Passage,500,0
646,11,Encoding,S_Passage,500,1
647,11,Encoding,S_Passage,500,0
648,11,Encoding,S_Passage,500,0
649,11,Encoding,S_Passage,500,0
650,11,Encoding,S_Passage,500,0
651,11,Encoding,S_Passage,500,2
652,11,Encoding,Base,500,2
653,11,Encoding,Base,500,1
654,11,Encoding,Base,500,0
655,11,Encoding,Base,500,0
656,11,Encoding,Base,500,1
657,11,Encoding,Base,500,0
658,11,Encoding,Base,500,0
659,11,Encoding,Base,500,0
660,12,Encoding,Base,500,0
661,12,Encoding,Base,500,1
662,12,Encoding,Base,500,0
663,12,Encoding,Base,500,0
664,12,Encoding,Base,500,0
665,12,Encoding,SE_Hall,500,0
666,12,Encoding,SE_Hall,500,0
667,12,Encoding,SE_Hall,500,0
668,12,Encoding,SE_Hall,500,0
669,12,Encoding,SE_Hall,500,0
670,12,Encoding,SE_Room,500,0
671,12,Encoding,SE_Room,500,0
672,12,Encoding,SE_Room,500,0
673,12,Encoding,SE_Room,500,0
674,12,Encoding,C_Hall,500,0
675,12,Encoding,C_Hall,500,0
676,12,Encoding,NE_Room,500,0
677,12,Encoding,NE_Room,500,0
678,12,Encoding,NE_Room,500,0
679,12,Encoding,NE_Hall,500,0
680,12,Encoding,NE_Hall,500,0
681,12,Encoding,NE_Hall,500,0
682,12,Encoding,NE_Hall,500,0
683,12,Encoding,NE_Hall,500,0
684,12,Encoding,NE_Hall,500,0
685,12,Encoding,NE_Hall,500,0
686,12,Encoding,NE_Hall,500,0
687,12,Encoding,N_Passage,500,0
688,12,Encoding,N_Passage,500,1
689,12,Encoding,NW_Hall,500,1
690,12,Encoding,NW_Hall,500,0
691,12,Encoding,NW_Hall,500,0
692,12,Encoding,NW_Hall,500,0
693,12,Encoding,NW_Hall,500,0
694,12,Encoding,NW_Hall,500,1
695,12,Encoding,NW_Hall,500,0
696,12,Encoding,NW_Room,500,0
697,12,Encoding,NW_Room,500,0
698,12,Encoding,NW_Room,500,1
699,12,Encoding,NW_Room,500,0
700,12,Encoding,C_Hall,500,0
701,12,Encoding,C_Hall,500,0
702,12,Encoding,SW_Room,500,0
703,12,Encoding,SW_Room,500,0
704,12,Encoding,SW_Room,500,0
705,12,Encoding,SW_Room,500,3
706,12,Encoding,SW_Room,500,2
707,12,Encoding,SW_Room,500,0
708,12,Encoding,SW_Room,500,0
709,12,Encoding,SW_Hall,500,0
710,12,Encoding,SW_Hall,500,0
711,12,Encoding,SW_Hall,500,1
712,12,Encoding,SW_Hall,500,0
713,12,Encoding,SW_Hall,500,2
714,12,Encoding,SW_Hall,500,0
715,12,Encoding,SW_Hall,500,0
716,12,Encoding,SW_Hall,500,0
717,12,Encoding,SW_Hall,500,1
718,12,Encoding,SW_Hall,500,1
719,12,Encoding,SW_Hall,500,1
720,13,Encoding,Base,500,1
721,13,Encoding,Base,500,1
722,13,Encoding,Base,500,0
723,13,Encoding,Base,500,0
724,13,Encoding,Base,500,1
725,13,Encoding,SW_Hall,500,1
726,13,Encoding,SW_Hall,500,2
727,13,Encoding,SW_Hall,500,1
728,13,Encoding,SW_Hall,500,0
729,13,Encoding,SW_Hall,500,0
730,13,Encoding,SW_Room,500,0
731,13,Encoding,SW_Room,500,0
732,13,Encoding,SW_Room,500,1
733,13,Encoding,SW_Room,500,0
734,13,Encoding,C_Hall,500,0
735,13,Encoding,C_Hall,500,0
736,13,Encoding,C_Hall,500,0
737,13,Encoding,NW_Room,500,0
738,13,Encoding,NW_Room,500,0
739,13,Encoding,NW_Room,500,1
740,13,Encoding,NW_Room,500,0
741,13,Encoding,NW_Room,500,0
742,13,Encoding,NW_Hall,500,0
743,13,Encoding,NW_Hall,500,0
744,13,Encoding,NW_Hall,500,0
745,13,Encoding,NW_Hall,500,0
746,13,Encoding,NW_Hall,500,0
747,13,Encoding,NW_Hall,500,0
748,13,Encoding,N_Passage,500,2
749,13,Encoding,N_Passage,500,1
750,13,Encoding,NE_Hall,500,0
751,13,Encoding,NE_Hall,500,0
752,13,Encoding,NE_Hall,500,1
753,13,Encoding,NE_Hall,500,0
754,13,Encoding,NE_Hall,500,0
755,13,Encoding,NE_Hall,500,1
756,13,Encoding,NE_Room,500,1
757,13,Encoding,NE_Room,500,1
758,13,Encoding,NE_Room,500,0
759,13,Encoding,NE_Room,500,0
760,13,Encoding,C_Hall,500,0
761,13,Encoding,C_Hall,500,0
762,13,Encoding,SE_Room,500,0
763,13,Encoding,SE_Room,500,0
764,13,Encoding,SE_Room,500,1
765,13,Encoding,SE_Room,500,0
766,13,Encoding,SE_Room,500,1
767,13,Encoding,SE_Room,500,0
768,13,Encoding,SE_Room,500,0
769,13,Encoding,SE_Room,500,0
770,13,Encoding,SE_Hall,500,0
771,13,Encoding,SE_Hall,500,1
772,13,Encoding,SE_Hall,500,0
773,13,Encoding,SE_Hall,500,0
774,13,Encoding,SE_Hall,500,2
775,13,Encoding,SE_Hall,500,0
776,13,Encoding,Base,500,0
777,13,Encoding,Base,500,1
778,13,Encoding,Base,500,0
779,13,Encoding,Base,500,0
780,14,Encoding,Base,500,1
781,14,Encoding,Base,500,2
782,14,Encoding,Base,500,0
783,14,Encoding,Base,500,0
784,14,Encoding,Base,500,2
785,14,Encoding,SE_Hall,500,1
786,14,Encoding,SE_Hall,500,0
787,14,Encoding,SE_Hall,500,0
788,14,Encoding,SE_Hall,500,0
789,14,Encoding,SE_Room,500,0
790,14,Encoding,SE_Room,500,0
791,14,Encoding,SE_Room,500,0
792,14,Encoding,SE_Room,500,0
793,14,Encoding,C_Hall,500,1
794,14,Encoding,C_Hall,500,0
795,14,Encoding,C_Hall,500,0
796,14,Encoding,C_Hall,500,0
797,14,Encoding,C_Hall,500,1
798,14,Encoding,C_Hall,500,1
799,14,Encoding,C_Hall,500,0
800,14,Encoding,C_Hall,500,0
801,14,Encoding,C_Hall,500,0
802,14,Encoding,C_Hall,500,2
803,14,Encoding,C_Hall,500,0
804,14,Encoding,C_Hall,500,1
805,14,Encoding,C_Hall,500,1
806,14,Encoding,C_Hall,500,0
807,14,Encoding,C_Hall,500,0
808,14,Encoding,C_Hall,500,0
809,14,Encoding,C_Hall,500,2
810,14,Encoding,C_Hall,500,0
811,14,Encoding,C_Hall,500,0
812,14,Encoding,C_Hall,500,0
813,14,Encoding,C_Hall,500,0
814,14,Encoding,N_Passage,500,1
815,14,Encoding,N_Passage,500,1
816,14,Encoding,N_Passage,500,0
817,14,Encoding,N_Passage,500,0
818,14,Encoding,N_Passage,500,1
819,14,Encoding,NW_Hall,500,0
820,14,Encoding,NW_Hall,500,0
821,14,Encoding,NW_Hall,500,2
822,14,Encoding,NW_Hall,500,0
823,14,Encoding,NW_Hall,500,0
824,14,Encoding,NW_Hall,500,0
825,14,Encoding,NW_Room,500,0
826,14,Encoding,NW_Hall,500,1
827,14,Encoding,NW_Hall,500,2
828,14,Encoding,NW_Hall,500,0
829,14,Encoding,NW_Hall,500,0
830,14,Encoding,NW_Hall,500,0
831,14,Encoding,NW_Hall,500,1
832,14,Encoding,NW_Hall,500,0
833,14,Encoding,N_Passage,500,1
834,14,Encoding,NE_Hall,500,0
835,14,Encoding,NE_Hall,500,0
836,14,Encoding,NE_Hall,500,0
837,14,Encoding,NE_Hall,500,0
838,14,Encoding,NE_Hall,500,0
839,14,Encoding,NE_Hall,500,0
840,15,Encoding,Base,500,1
841,15,Encoding,Base,500,0
842,15,Encoding,Base,500,0
843,15,Encoding,Base,500,0
844,15,Encoding,SE_Hall,500,0
845,15,Encoding,SE_Hall,500,1
846,15,Encoding,SE_Hall,500,1
847,15,Encoding,SE_Hall,500,0
848,15,Encoding,SE_Hall,500,0
849,15,Encoding,SE_Room,500,0
850,15,Encoding,SE_Room,500,0
851,15,Encoding,SE_Room,500,0
852,15,Encoding,SE_Room,500,0
853,15,Encoding,SE_Room,500,0
854,15,Encoding,C_Hall,500,0
855,15,Encoding,C_Hall,500,0
856,15,Encoding,NE_Room,500,0
857,15,Encoding,NE_Room,500,0
858,15,Encoding,NE_Room,500,0
859,15,Encoding,NE_Room,500,0
860,15,Encoding,NE_Room,500,1
861,15,Encoding,NE_Room,500,0
862,15,Encoding,NE_Room,500,0
863,15,Encoding,NE_Room,500,2
864,15,Encoding,NE_Room,500,1
865,15,Encoding,NE_Room,500,0
866,15,Encoding,NE_Room,500,0
867,15,Encoding,NE_Room,500,0
868,15,Encoding,NE_Hall,500,0
869,15,Encoding,NE_Hall,500,1
870,15,Encoding,NE_Hall,500,0
871,15,Encoding,NE_Hall,500,0
872,15,Encoding,NE_Hall,500,0
873,15,Encoding,N_Passage,500,0
874,15,Encoding,N_Passage,500,0
875,15,Encoding,NW_Hall,500,0
876,15,Encoding,NW_Hall,500,0
877,15,Encoding,NW_Hall,500,0
878,15,Encoding,NW_Hall,500,1
879,15,Encoding,NW_Hall,500,0
880,15,Encoding,NW_Hall,500,0
881,15,Encoding,NW_Room,500,0
882,15,Encoding,NW_Room,500,0
883,15,Encoding,NW_Room,500,2
884,15,Encoding,NW_Room,500,0
885,15,Encoding,C_Hall,500,0
886,15,Encoding,C_Hall,500,0
887,15,Encoding,SW_Room,500,0
888,15,Encoding,SW_Room,500,0
889,15,Encoding,SW_Room,500,1
890,15,Encoding,SW_Room,500,0
891,15,Encoding,SW_Room,500,0
892,15,Encoding,SW_Room,500,0
893,15,Encoding,SW_Room,500,0
894,15,Encoding,SW_Room,500,1
895,15,Encoding,SW_Room,500,0
896,15,Encoding,SW_Room,500,1
897,15,Encoding,SW_Room,500,0
898,15,Encoding,SW_Room,500,0
899,15,Encoding,SW_Hall,500,0
900,16,Encoding,Base,500,1
901,16,Encoding,Base,500,0
902,16,Encoding,Base,500,0
903,16,Encoding,Base,500,0
904,16,Encoding,Base,500,0
905,16,Encoding,S_Passage,500,0
906,16,Encoding,S_Passage,500,0
907,16,Encoding,S_Passage,500,0
908,16,Encoding,C_Hall,500,0
909,16,Encoding,C_Hall,500,1
910,16,Encoding,C_Hall,500,0
911,16,Encoding,C_Hall,500,1
912,16,Encoding,C_Hall,500,0
913,16,Encoding,C_Hall,500,0
914,16,Encoding,C_Hall,500,0
915,16,Encoding,C_Hall,500,0
916,16,Encoding,C_Hall,500,0
917,16,Encoding,SE_Room,500,1
918,16,Encoding,C_Hall,500,0
919,16,Encoding,SE_Room,500,0
920,16,Encoding,SE_Room,500,0
921,16,Encoding,SE_Room,500,0
922,16,Encoding,SE_Hall,500,0
923,16,Encoding,SE_Hall,500,0
924,16,Encoding,SE_Hall,500,1
925,16,Encoding,SE_Hall,500,0
926,16,Encoding,SE_Hall,500,0
927,16,Encoding,SE_Hall,500,0
928,16,Encoding,SE_Room,500,0
929,16,Encoding,SE_Room,500,0
930,16,Encoding,SE_Room,500,0
931,16,Encoding,SE_Room,500,1
932,16,Encoding,C_Hall,500,0
933,16,Encoding,C_Hall,500,0
934,16,Encoding,NE_Room,500,0
935,16,Encoding,NE_Room,500,1
936,16,Encoding,NE_Room,500,0
937,16,Encoding,NE_Hall,500,1
938,16,Encoding,NE_Hall,500,2
939,16,Encoding,NE_Hall,500,0
940,16,Encoding,NE_Hall,500,1
941,16,Encoding,NE_Hall,500,0
942,16,Encoding,NE_Hall,500,0
943,16,Encoding,N_Passage,500,0
944,16,Encoding,NW_Hall,500,0
945,16,Encoding,NW_Hall,500,0
946,16,Encoding,NW_Hall,500,2
947,16,Encoding,NW_Hall,500,1
948,16,Encoding,NW_Hall,500,0
949,16,Encoding,NW_Hall,500,1
950,16,Encoding,NW_Room,500,0
951,16,Encoding,NW_Room,500,0
952,16,Encoding,NW_Room,500,0
953,16,Encoding,NW_Room,500,1
954,16,Encoding,NW_Room,500,0
955,16,Encoding,C_Hall,500,0
956,16,Encoding,C_Hall,500,3
957,16,Encoding,SW_Room,500,1
958,16,Encoding,SW_Room,500,0
959,16,Encoding,SW_Room,500,0
960,17,Encoding,Base,500,0
961,17,Encoding,Base,500,1
962,17,Encoding,Base,500,0
963,17,Encoding,Base,500,0
964,17,Encoding,Base,500,0
965,17,Encoding,Base,500,0
966,17,Encoding,Base,500,1
967,17,Encoding,S_Passage,500,0
968,17,Encoding,S_Passage,500,0
969,17,Encoding,S_Passage,500,0
970,17,Encoding,C_Hall,500,0
971,17,Encoding,C_Hall,500,0
972,17,Encoding,SE_Room,500,0
973,17,Encoding,SE_Room,500,0
974,17,Encoding,SE_Room,500,0
975,17,Encoding,SE_Room,500,0
976,17,Encoding,SE_Room,500,0
977,17,Encoding,SE_Room,500,0
978,17,Encoding,SE_Room,500,1
979,17,Encoding,SE_Hall,500,0
980,17,Encoding,SE_Hall,500,0
981,17,Encoding,SE_Hall,500,0
982,17,Encoding,SE_Hall,500,0
983,17,Encoding,SE_Room,500,0
984,17,Encoding,SE_Room,500,0
985,17,Encoding,SE_Room,500,0
986,17,Encoding,SE_Room,500,3
987,17,Encoding,SE_Room,500,0
988,17,Encoding,C_Hall,500,0
989,17,Encoding,C_Hall,500,0
990,17,Encoding,C_Hall,500,0
991,17,Encoding,NE_Room,500,0
992,17,Encoding,NE_Room,500,0
993,17,Encoding,NE_Room,500,0
994,17,Encoding,NE_Room,500,0
995,17,Encoding,NE_Hall,500,0
996,17,Encoding,NE_Hall,500,0
997,17,Encoding,NE_Hall,500,0
998,17,Encoding,NE_Hall,500,0
999,17,Encoding,NE_Hall,500,0
1000,17,Encoding,NE_Hall,500,0
1001,17,Encoding,NE_Hall,500,0
1002,17,Encoding,NE_Hall,500,1
1003,17,Encoding,N_Passage,500,0
1004,17,Encoding,NW_Hall,500,0
1005,17,Encoding,NW_Hall,500,0
1006,17,Encoding,NW_Hall,500,0
1007,17,Encoding,NW_Hall,500,0
1008,17,Encoding,NW_Hall,500,0
1009,17,Encoding,NW_Hall,500,0
1010,17,Encoding,NW_Room,500,0
1011,17,Encoding,NW_Room,500,0
1012,17,Encoding,NW_Room,500,0
1013,17,Encoding,NW_Room,500,0
1014,17,Encoding,NW_Room,500,0
1015,17,Encoding,NW_Room,500,0
1016,17,Encoding,NW_Room,500,0
1017,17,Encoding,C_Hall,500,0
1018,17,Encoding,SW_Room,500,0
1019,17,Encoding,SW_Room,500,1
1020,18,Encoding,Base,500,0
1021,18,Encoding,Base,500,0
1022,18,Encoding,Base,500,0
1023,18,Encoding,Base,500,0
1024,18,Encoding,SW_Hall,500,0
1025,18,Encoding,SW_Hall,500,1
1026,18,Encoding,SW_Hall,500,0
1027,18,Encoding,SW_Hall,500,1
1028,18,Encoding,SW_Hall,500,1
1029,18,Encoding,SW_Room,500,0
1030,18,Encoding,SW_Room,500,0
1031,18,Encoding,SW_Room,500,0
1032,18,Encoding,SW_Room,500,0
1033,18,Encoding,C_Hall,500,0
1034,18,Encoding,C_Hall,500,0
1035,18,Encoding,C_Hall,500,0
1036,18,Encoding,C_Hall,500,0
1037,18,Encoding,C_Hall,500,0
1038,18,Encoding,C_Hall,500,0
1039,18,Encoding,C_Hall,500,0
1040,18,Encoding,C_Hall,500,0
1041,18,Encoding,C_Hall,500,0
1042,18,Encoding,C_Hall,500,0
1043,18,Encoding,S_Passage,500,2
1044,18,Encoding,S_Passage,500,1
1045,18,Encoding,S_Passage,500,0
1046,18,Encoding,S_Passage,500,0
1047,18,Encoding,S_Passage,500,0
1048,18,Encoding,C_Hall,500,0
1049,18,Encoding,C_Hall,500,0
1050,18,Encoding,C_Hall,500,0
1051,18,Encoding,C_Hall,500,1
1052,18,Encoding,C_Hall,500,0
1053,18,Encoding,C_Hall,500,0
1054,18,Encoding,C_Hall,500,0
1055,18,Encoding,C_Hall,500,5
1056,18,Encoding,N_Passage,500,0
1057,18,Encoding,N_Passage,500,0
1058,18,Encoding,N_Passage,500,0
1059,18,Encoding,N_Passage,500,0
1060,18,Encoding,N_Passage,500,0
1061,18,Encoding,N_Passage,500,0
1062,18,Encoding,N_Passage,500,0
1063,18,Encoding,N_Passage,500,0
1064,18,Encoding,N_Passage,500,0
1065,18,Encoding,N_Passage,500,1
1066,18,Encoding,N_Passage,500,0
1067,18,Encoding,C_Hall,500,0
1068,18,Encoding,C_Hall,500,0
1069,18,Encoding,C_Hall,500,0
1070,18,Encoding,C_Hall,500,0
1071,18,Encoding,SE_Room,500,0
1072,18,Encoding,SE_Room,500,0
1073,18,Encoding,SE_Room,500,0
1074,18,Encoding,SE_Room,500,0
1075,18,Encoding,SE_Room,500,0
1076,18,Encoding,SE_Room,500,0
1077,18,Encoding,SE_Hall,500,0
1078,18,Encoding,SE_Hall,500,2
1079,18,Encoding,SE_Hall,500,0
1080,19,Encoding,Base,500,1
1081,19,Encoding,Base,500,1
1082,19,Encoding,Base,500,0
1083,19,Encoding,Base,500,1
1084,19,Encoding,Base,500,0
1085,19,Encoding,SW_Hall,500,0
1086,19,Encoding,SW_Hall,500,0
1087,19,Encoding,SW_Hall,500,0
1088,19,Encoding,SW_Hall,500,0
1089,19,Encoding,SW_Hall,500,0
1090,19,Encoding,SW_Hall,500,1
1091,19,Encoding,SW_Room,500,2
1092,19,Encoding,SW_Room,500,0
1093,19,Encoding,SW_Room,500,0
1094,19,Encoding,SW_Room,500,0
1095,19,Encoding,SW_Room,500,0
1096,19,Encoding,C_Hall,500,0
1097,19,Encoding,C_Hall,500,0
1098,19,Encoding,C_Hall,500,1
1099,19,Encoding,C_Hall,500,0
1100,19,Encoding,NW_Room,500,0
1101,19,Encoding,NW_Room,500,0
1102,19,Encoding,NW_Room,500,0
1103,19,Encoding,NW_Room,500,0
1104,19,Encoding,NW_Room,500,0
1105,19,Encoding,NW_Hall,500,0
1106,19,Encoding,NW_Hall,500,0
1107,19,Encoding,NW_Hall,500,0
1108,19,Encoding,NW_Hall,500,0
1109,19,Encoding,NW_Hall,500,0
1110,19,Encoding,NW_Hall,500,0
1111,19,Encoding,N_Passage,500,0
1112,19,Encoding,N_Passage,500,1
1113,19,Encoding,NE_Hall,500,0
1114,19,Encoding,NE_Hall,500,2
1115,19,Encoding,NE_Hall,500,1
1116,19,Encoding,NE_Hall,500,0
1117,19,Encoding,NE_Hall,500,0
1118,19,Encoding,NE_Room,500,0
1119,19,Encoding,NE_Room,500,0
1120,19,Encoding,NE_Room,500,0
1121,19,Encoding,NE_Room,500,0
1122,19,Encoding,C_Hall,500,0
1123,19,Encoding,C_Hall,500,0
1124,19,Encoding,SE_Room,500,3
1125,19,Encoding,SE_Room,500,0
1126,19,Encoding,SE_Room,500,0
1127,19,Encoding,SE_Room,500,0
1128,19,Encoding,SE_Hall,500,1
1129,19,Encoding,SE_Hall,500,0
1130,19,Encoding,SE_Hall,500,0
1131,19,Encoding,SE_Hall,500,2
1132,19,Encoding,SE_Hall,500,0
1133,19,Encoding,Base,500,0
1134,19,Encoding,Base,500,0
1135,19,Encoding,Base,500,0
1136,19,Encoding,Base,500,0
1137,19,Encoding,Base,500,1
1138,19,Encoding,Base,500,0
1139,19,Encoding,Base,500,1
1140,20,Encoding,Base,500,0
1141,20,Encoding,Base,500,1
1142,20,Encoding,Base,500,1
1143,20,Encoding,Base,500,2
1144,20,Encoding,Base,500,0
1145,20,Encoding,Base,500,0
1146,20,Encoding,Base,500,0
1147,20,Encoding,Base,500,0
1148,20,Encoding,S_Passage,500,0
1149,20,Encoding,S_Passage,500,0
1150,20,Encoding,S_Passage,500,0
1151,20,Encoding,C_Hall,500,0
1152,20,Encoding,C_Hall,500,0
1153,20,Encoding,C_Hall,500,0
1154,20,Encoding,C_Hall,500,1
1155,20,Encoding,N_Passage,500,0
1156,20,Encoding,N_Passage,500,0
1157,20,Encoding,N_Passage,500,0
1158,20,Encoding,N_Passage,500,3
1159,20,Encoding,N_Passage,500,1
1160,20,Encoding,N_Passage,500,0
1161,20,Encoding,N_Passage,500,0
1162,20,Encoding,C_Hall,500,0
1163,20,Encoding,C_Hall,500,0
1164,20,Encoding,C_Hall,500,1
1165,20,Encoding,C_Hall,500,0
1166,20,Encoding,C_Hall,500,0
1167,20,Encoding,C_Hall,500,1
1168,20,Encoding,C_Hall,500,4
1169,20,Encoding,C_Hall,500,0
1170,20,Encoding,SE_Room,500,0
1171,20,Encoding,SE_Room,500,2
1172,20,Encoding,SE_Room,500,0
1173,20,Encoding,SE_Room,500,0
1174,20,Encoding,SE_Room,500,0
1175,20,Encoding,SE_Hall,500,0
1176,20,Encoding,SE_Hall,500,0
1177,20,Encoding,SE_Hall,500,0
1178,20,Encoding,SE_Hall,500,0
1179,20,Encoding,SE_Hall,500,0
1180,20,Encoding,SE_Room,500,0
1181,20,Encoding,SE_Room,500,1
1182,20,Encoding,SE_Room,500,0
1183,20,Encoding,SE_Room,500,0
1184,20,Encoding,C_Hall,500,0
1185,20,Encoding,NE_Room,500,0
1186,20,Encoding,NE_Room,500,0
1187,20,Encoding,NE_Room,500,0
1188,20,Encoding,NE_Room,500,1
1189,20,Encoding,NE_Room,500,0
1190,20,Encoding,NE_Hall,500,0
1191,20,Encoding,NE_Hall,500,0
1192,20,Encoding,NE_Hall,500,0
1193,20,Encoding,NE_Hall,500,0
1194,20,Encoding,NE_Hall,500,0
1195,20,Encoding,NE_Hall,500,1
1196,20,Encoding,N_Passage,500,0
1197,20,Encoding,NW_Hall,500,0
1198,20,Encoding,NW_Hall,500,0
1199,20,Encoding,NW_Hall,500,0
1200,21,Encoding,Base,500,0
1201,21,Encoding,Base,500,0
1202,21,Encoding,Base,500,2
1203,21,Encoding,Base,500,0
1204,21,Encoding,Base,500,0
1205,21,Encoding,Base,500,0
1206,21,Encoding,SE_Hall,500,2
1207,21,Encoding,SE_Hall,500,0
1208,21,Encoding,SE_Hall,500,0
1209,21,Encoding,SE_Hall,500,0
1210,21,Encoding,SE_Hall,500,0
1211,21,Encoding,SE_Room,500,1
1212,21,Encoding,SE_Room,500,0
1213,21,Encoding,SE_Room,500,0
1214,21,Encoding,SE_Room,500,0
1215,21,Encoding,SE_Room,500,0
1216,21,Encoding,SE_Room,500,0
1217,21,Encoding,SE_Room,500,0
1218,21,Encoding,C_Hall,500,0
1219,21,Encoding,C_Hall,500,0
1220,21,Encoding,NE_Room,500,0
1221,21,Encoding,NE_Room,500,0
1222,21,Encoding,NE_Room,500,0
1223,21,Encoding,NE_Room,500,0
1224,21,Encoding,NE_Room,500,0
1225,21,Encoding,NE_Hall,500,0
1226,21,Encoding,NE_Hall,500,0
1227,21,Encoding,NE_Hall,500,0
1228,21,Encoding,NE_Hall,500,0
1229,21,Encoding,NE_Hall,500,1
1230,21,Encoding,NE_Hall,500,0
1231,21,Encoding,N_Passage,500,0
1232,21,Encoding,N_Passage,500,0
1233,21,Encoding,N_Passage,500,1
1234,21,Encoding,N_Passage,500,0
1235,21,Encoding,N_Passage,500,1
1236,21,Encoding,NW_Hall,500,0
1237,21,Encoding,NW_Hall,500,1
1238,21,Encoding,N_Passage,500,0
1239,21,Encoding,N_Passage,500,1
1240,21,Encoding,N_Passage,500,0
1241,21,Encoding,N_Passage,500,0
1242,21,Encoding,N_Passage,500,0
1243,21,Encoding,N_Passage,500,0
1244,21,Encoding,C_Hall,500,0
1245,21,Encoding,S_Passage,500,1
1246,21,Encoding,S_Passage,500,1
1247,21,Encoding,S_Passage,500,0
1248,21,Encoding,Base,500,1
1249,21,Encoding,Base,500,0
1250,21,Encoding,Base,500,0
1251,21,Encoding,Base,500,0
1252,21,Encoding,Base,500,0
1253,21,Encoding,Base,500,0
1254,21,Encoding,Base,500,0
1255,21,Encoding,Base,500,0
1256,21,Encoding,Base,500,0
1257,21,Encoding,Base,500,0
1258,21,Encoding,Base,500,1
1259,21,Encoding,Base,500,0
1260,22,Encoding,Base,500,0
1261,22,Encoding,Base,500,0
1262,22,Encoding,Base,500,0
1263,22,Encoding,Base,500,0
1264,22,Encoding,Base,500,0
1265,22,Encoding,SW_Hall,500,0
1266,22,Encoding,SW_Hall,500,1
1267,22,Encoding,SW_Hall,500,0
1268,22,Encoding,SW_Hall,500,0
1269,22,Encoding,SW_Hall,500,0
1270,22,Encoding,SW_Room,500,0
1271,22,Encoding,SW_Room,500,0
1272,22,Encoding,SW_Room,500,1
1273,22,Encoding,SW_Room,500,0
1274,22,Encoding,C_Hall,500,0
1275,22,Encoding,C_Hall,500,0
1276,22,Encoding,C_Hall,500,0
1277,22,Encoding,C_Hall,500,0
1278,22,Encoding,C_Hall,500,0
1279,22,Encoding,C_Hall,500,0
1280,22,Encoding,C_Hall,500,0
1281,22,Encoding,C_Hall,500,0
1282,22,Encoding,C_Hall,500,0
1283,22,Encoding,C_Hall,500,0
1284,22,Encoding,C_Hall,500,0
1285,22,Encoding,C_Hall,500,0
1286,22,Encoding,NW_Room,500,3
1287,22,Encoding,NW_Room,500,1
1288,22,Encoding,NW_Room,500,1
1289,22,Encoding,NW_Room,500,0
1290,22,Encoding,NW_Room,500,0
1291,22,Encoding,NW_Hall,500,0
1292,22,Encoding,NW_Hall,500,0
1293,22,Encoding,NW_Hall,500,0
1294,22,Encoding,NW_Hall,500,0
1295,22,Encoding,NW_Hall,500,0
1296,22,Encoding,NW_Hall,500,0
1297,22,Encoding,NW_Hall,500,0
1298,22,Encoding,N_Passage,500,1
1299,22,Encoding,N_Passage,500,0
1300,22,Encoding,NE_Hall,500,0
1301,22,Encoding,NE_Hall,500,0
1302,22,Encoding,NE_Hall,500,1
1303,22,Encoding,NE_Hall,500,0
1304,22,Encoding,NE_Hall,500,0
1305,22,Encoding,NE_Hall,500,1
1306,22,Encoding,NE_Hall,500,1
1307,22,Encoding,NE_Room,500,0
1308,22,Encoding,NE_Room,500,0
1309,22,Encoding,NE_Room,500,0
1310,22,Encoding,C_Hall,500,0
1311,22,Encoding,C_Hall,500,1
1312,22,Encoding,C_Hall,500,0
1313,22,Encoding,SE_Room,500,0
1314,22,Encoding,SE_Room,500,0
1315,22,Encoding,SE_Room,500,0
1316,22,Encoding,SE_Room,500,0
1317,22,Encoding,SE_Hall,500,1
1318,22,Encoding,SE_Hall,500,1
1319,22,Encoding,SE_Hall,500,0
1320,23,Encoding,Base,500,0
1321,23,Encoding,Base,500,1
1322,23,Encoding,Base,500,0
1323,23,Encoding,Base,500,0
1324,23,Encoding,SE_Hall,500,1
1325,23,Encoding,SE_Hall,500,0
1326,23,Encoding,SE_Hall,500,0
1327,23,Encoding,SE_Hall,500,0
1328,23,Encoding,SE_Hall,500,0
1329,23,Encoding,SE_Hall,500,0
1330,23,Encoding,SE_Room,500,0
1331,23,Encoding,SE_Room,500,0
1332,23,Encoding,SE_Room,500,0
1333,23,Encoding,SE_Room,500,0
1334,23,Encoding,C_Hall,500,0
1335,23,Encoding,C_Hall,500,0
1336,23,Encoding,NE_Room,500,0
1337,23,Encoding,NE_Room,500,0
1338,23,Encoding,NE_Room,500,0
1339,23,Encoding,NE_Room,500,0
1340,23,Encoding,NE_Room,500,0
1341,23,Encoding,NE_Room,500,3
1342,23,Encoding,NE_Room,500,3
1343,23,Encoding,NE_Room,500,0
1344,23,Encoding,NE_Room,500,2
1345,23,Encoding,NE_Room,500,0
1346,23,Encoding,NE_Room,500,0
1347,23,Encoding,NE_Room,500,0
1348,23,Encoding,NE_Room,500,0
1349,23,Encoding,NE_Room,500,1
1350,23,Encoding,NE_Room,500,1
1351,23,Encoding,NE_Room,500,0
1352,23,Encoding,NE_Room,500,0
1353,23,Encoding,C_Hall,500,0
1354,23,Encoding,C_Hall,500,1
1355,23,Encoding,C_Hall,500,0
1356,23,Encoding,C_Hall,500,0
1357,23,Encoding,C_Hall,500,0
1358,23,Encoding,C_Hall,500,0
1359,23,Encoding,C_Hall,500,1
1360,23,Encoding,C_Hall,500,0
1361,23,Encoding,S_Passage,500,1
1362,23,Encoding,S_Passage,500,0
1363,23,Encoding,Base,500,0
1364,23,Encoding,Base,500,0
1365,23,Encoding,Base,500,0
1366,23,Encoding,Base,500,0
1367,23,Encoding,Base,500,1
1368,23,Encoding,Base,500,0
1369,23,Encoding,Base,500,0
1370,23,Encoding,Base,500,0
1371,23,Encoding,Base,500,1
1372,23,Encoding,Base,500,0
1373,23,Encoding,Base,500,0
1374,23,Encoding,Base,500,0
1375,23,Encoding,Base,500,0
1376,23,Encoding,Base,500,0
1377,23,Encoding,Base,500,1
1378,23,Encoding,Base,500,1
1379,23,Encoding,Base,500,0
1380,24,Encoding,Base,500,0
1381,24,Encoding,Base,500,0
1382,24,Encoding,Base,500,0
1383,24,Encoding,Base,500,0
1384,24,Encoding,Base,500,0
1385,24,Encoding,Base,500,0
1386,24,Encoding,Base,500,1
1387,24,Encoding,Base,500,0
1388,24,Encoding,Base,500,0
1389,24,Encoding,Base,500,0
1390,24,Encoding,Base,500,0
1391,24,Encoding,S_Passage,500,0
1392,24,Encoding,S_Passage,500,1
1393,24,Encoding,S_Passage,500,0
1394,24,Encoding,C_Hall,500,0
1395,24,Encoding,C_Hall,500,1
1396,24,Encoding,C_Hall,500,0
1397,24,Encoding,C_Hall,500,0
1398,24,Encoding,C_Hall,500,0
1399,24,Encoding,C_Hall,500,0
1400,24,Encoding,C_Hall,500,0
1401,24,Encoding,C_Hall,500,3
1402,24,Encoding,C_Hall,500,1
1403,24,Encoding,C_Hall,500,0
1404,24,Encoding,C_Hall,500,0
1405,24,Encoding,C_Hall,500,0
1406,24,Encoding,C_Hall,500,0
1407,24,Encoding,C_Hall,500,1
1408,24,Encoding,C_Hall,500,0
1409,24,Encoding,NW_Room,500,1
1410,24,Encoding,NW_Room,500,0
1411,24,Encoding,NW_Room,500,0
1412,24,Encoding,NW_Room,500,0
1413,24,Encoding,NW_Hall,500,0
1414,24,Encoding,NW_Hall,500,0
1415,24,Encoding,NW_Hall,500,0
1416,24,Encoding,NW_Hall,500,0
1417,24,Encoding,NW_Room,500,0
1418,24,Encoding,NW_Room,500,0
1419,24,Encoding,NW_Room,500,1
1420,24,Encoding,NW_Room,500,1
1421,24,Encoding,C_Hall,500,0
1422,24,Encoding,C_Hall,500,0
1423,24,Encoding,SW_Room,500,2
1424,24,Encoding,SW_Room,500,2
1425,24,Encoding,SW_Room,500,0
1426,24,Encoding,SW_Hall,500,0
1427,24,Encoding,SW_Hall,500,0
1428,24,Encoding,SW_Hall,500,0
1429,24,Encoding,SW_Hall,500,0
1430,24,Encoding,SW_Hall,500,0
1431,24,Encoding,SW_Hall,500,0
1432,24,Encoding,SW_Room,500,0
1433,24,Encoding,SW_Room,500,0
1434,24,Encoding,SW_Room,500,0
1435,24,Encoding,C_Hall,500,0
1436,24,Encoding,C_Hall,500,0
1437,24,Encoding,C_Hall,500,0
1438,24,Encoding,C_Hall,500,1
1439,24,Encoding,C_Hall,500,0
1440,25,Encoding,Base,500,1
1441,25,Encoding,Base,500,0
1442,25,Encoding,Base,500,0
1443,25,Encoding,Base,500,0
1444,25,Encoding,Base,500,0
1445,25,Encoding,S_Passage,500,1
1446,25,Encoding,S_Passage,500,0
1447,25,Encoding,S_Passage,500,0
1448,25,Encoding,S_Passage,500,2
1449,25,Encoding,C_Hall,500,0
1450,25,Encoding,C_Hall,500,1
1451,25,Encoding,C_Hall,500,0
1452,25,Encoding,C_Hall,500,0
1453,25,Encoding,C_Hall,500,0
1454,25,Encoding,C_Hall,500,0
1455,25,Encoding,C_Hall,500,0
1456,25,Encoding,C_Hall,500,1
1457,25,Encoding,C_Hall,500,1
1458,25,Encoding,C_Hall,500,1
1459,25,Encoding,C_Hall,500,0
1460,25,Encoding,C_Hall,500,0
1461,25,Encoding,C_Hall,500,1
1462,25,Encoding,C_Hall,500,0
1463,25,Encoding,C_Hall,500,0
1464,25,Encoding,C_Hall,500,1
1465,25,Encoding,C_Hall,500,0
1466,25,Encoding,C_Hall,500,0
1467,25,Encoding,NW_Room,500,1
1468,25,Encoding,NW_Room,500,0
1469,25,Encoding,NW_Room,500,0
1470,25,Encoding,NW_Room,500,0
1471,25,Encoding,NW_Room,500,0
1472,25,Encoding,NW_Room,500,0
1473,25,Encoding,NW_Room,500,0
1474,25,Encoding,NW_Room,500,1
1475,25,Encoding,NW_Room,500,0
1476,25,Encoding,NW_Room,500,0
1477,25,Encoding,C_Hall,500,0
1478,25,Encoding,C_Hall,500,0
1479,25,Encoding,SW_Room,500,2
1480,25,Encoding,SW_Room,500,1
1481,25,Encoding,SW_Room,500,1
1482,25,Encoding,SW_Room,500,0
1483,25,Encoding,SW_Hall,500,0
1484,25,Encoding,SW_Hall,500,0
1485,25,Encoding,SW_Hall,500,0
1486,25,Encoding,SW_Hall,500,1
1487,25,Encoding,SW_Hall,500,0
1488,25,Encoding,SW_Hall,500,1
1489,25,Encoding,SW_Hall,500,1
1490,25,Encoding,Base,500,1
1491,25,Encoding,Base,500,1
1492,25,Encoding,Base,500,0
1493,25,Encoding,Base,500,0
1494,25,Encoding,Base,500,0
1495,25,Encoding,Base,500,0
1496,25,Encoding,Base,500,0
1497,25,Encoding,Base,500,0
1498,25,Encoding,Base,500,0
1499,25,Encoding,Base,500,0
1500,26,Encoding,Base,500,0
1501,26,Encoding,Base,500,1
1502,26,Encoding,Base,500,0
1503,26,Encoding,Base,500,0
1504,26,Encoding,Base,500,0
1505,26,Encoding,SE_Hall,500,0
1506,26,Encoding,SE_Hall,500,0
1507,26,Encoding,SE_Hall,500,0
1508,26,Encoding,SE_Hall,500,0
1509,26,Encoding,SE_Hall,500,2
1510,26,Encoding,SE_Room,500,0
1511,26,Encoding,SE_Room,500,0
1512,26,Encoding,SE_Room,500,0
1513,26,Encoding,SE_Room,500,0
1514,26,Encoding,SE_Room,500,0
1515,26,Encoding,SE_Room,500,0
1516,26,Encoding,C_Hall,500,0
1517,26,Encoding,C_Hall,500,0
1518,26,Encoding,C_Hall,500,0
1519,26,Encoding,NE_Room,500,1
1520,26,Encoding,NE_Room,500,0
1521,26,Encoding,NE_Room,500,0
1522,26,Encoding,NE_Room,500,0
1523,26,Encoding,NE_Room,500,0
1524,26,Encoding,NE_Room,500,1
1525,26,Encoding,NE_Room,500,0
1526,26,Encoding,NE_Hall,500,0
1527,26,Encoding,NE_Hall,500,0
1528,26,Encoding,NE_Hall,500,0
1529,26,Encoding,NE_Hall,500,0
1530,26,Encoding,NE_Hall,500,0
1531,26,Encoding,NE_Hall,500,0
1532,26,Encoding,N_Passage,500,1
1533,26,Encoding,NW_Hall,500,0
1534,26,Encoding,NW_Hall,500,0
1535,26,Encoding,NW_Hall,500,0
1536,26,Encoding,NW_Hall,500,1
1537,26,Encoding,NW_Hall,500,0
1538,26,Encoding,NW_Hall,500,0
1539,26,Encoding,NW_Room,500,0
1540,26,Encoding,NW_Room,500,0
1541,26,Encoding,NW_Room,500,0
1542,26,Encoding,NW_Room,500,0
1543,26,Encoding,C_Hall,500,0
1544,26,Encoding,C_Hall,500,0
1545,26,Encoding,SW_Room,500,0
1546,26,Encoding,SW_Room,500,0
1547,26,Encoding,C_Hall,500,0
1548,26,Encoding,C_Hall,500,1
1549,26,Encoding,SW_Room,500,0
1550,26,Encoding,SW_Room,500,1
1551,26,Encoding,SW_Room,500,0
1552,26,Encoding,SW_Room,500,0
1553,26,Encoding,SW_Hall,500,0
1554,26,Encoding,SW_Hall,500,2
1555,26,Encoding,SW_Hall,500,0
1556,26,Encoding,SW_Hall,500,0
1557,26,Encoding,SW_Hall,500,0
1558,26,Encoding,Base,500,0
1559,26,Encoding,Base,500,0
1560,27,Encoding,Base,500,1
1561,27,Encoding,Base,500,1
1562,27,Encoding,Base,500,0
1563,27,Encoding,Base,500,0
1564,27,Encoding,SW_Hall,500,0
1565,27,Encoding,SW_Hall,500,2
1566,27,Encoding,SW_Hall,500,0
1567,27,Encoding,SW_Hall,500,0
1568,27,Encoding,SW_Hall,500,1
1569,27,Encoding,SW_Hall,500,2
1570,27,Encoding,SW_Room,500,1
1571,27,Encoding,SW_Room,500,0
1572,27,Encoding,SW_Room,500,0
1573,27,Encoding,SW_Room,500,1
1574,27,Encoding,C_Hall,500,0
1575,27,Encoding,C_Hall,500,0
1576,27,Encoding,NW_Room,500,0
1577,27,Encoding,NW_Room,500,0
1578,27,Encoding,NW_Room,500,0
1579,27,Encoding,NW_Room,500,0
1580,27,Encoding,NW_Hall,500,1
1581,27,Encoding,NW_Hall,500,2
1582,27,Encoding,NW_Hall,500,0
1583,27,Encoding,NW_Hall,500,0
1584,27,Encoding,NW_Hall,500,1
1585,27,Encoding,NW_Hall,500,1
1586,27,Encoding,NW_Hall,500,0
1587,27,Encoding,NW_Hall,500,1
1588,27,Encoding,N_Passage,500,0
1589,27,Encoding,N_Passage,500,0
1590,27,Encoding,NE_Hall,500,0
1591,27,Encoding,NE_Hall,500,0
1592,27,Encoding,NE_Hall,500,1
1593,27,Encoding,NE_Hall,500,1
1594,27,Encoding,NE_Hall,500,0
1595,27,Encoding,NE_Hall,500,0
1596,27,Encoding,NE_Room,500,0
1597,27,Encoding,NE_Room,500,0
1598,27,Encoding,NE_Room,500,1
1599,27,Encoding,NE_Room,500,0
1600,27,Encoding,C_Hall,500,1
1601,27,Encoding,C_Hall,500,0
1602,27,Encoding,SE_Room,500,0
1603,27,Encoding,SE_Room,500,0
1604,27,Encoding,SE_Room,500,0
1605,27,Encoding,SE_Hall,500,0
1606,27,Encoding,SE_Hall,500,0
1607,27,Encoding,SE_Hall,500,1
1608,27,Encoding,SE_Hall,500,0
1609,27,Encoding,SE_Hall,500,1
1610,27,Encoding,Base,500,0
1611,27,Encoding,Base,500,0
1612,27,Encoding,Base,500,0
1613,27,Encoding,Base,500,0
1614,27,Encoding,Base,500,1
1615,27,Encoding,Base,500,0
1616,27,Encoding,Base,500,0
1617,27,Encoding,Base,500,0
1618,27,Encoding,Base,500,4
1619,27,Encoding,Base,500,0
1620,28,Encoding,Base,500,0
1621,28,Encoding,Base,500,1
1622,28,Encoding,Base,500,0
1623,28,Encoding,Base,500,1
1624,28,Encoding,Base,500,0
1625,28,Encoding,Base,500,1
1626,28,Encoding,Base,500,0
1627,28,Encoding,Base,500,0
1628,28,Encoding,Base,500,1
1629,28,Encoding,S_Passage,500,0
1630,28,Encoding,S_Passage,500,0
1631,28,Encoding,S_Passage,500,0
1632,28,Encoding,S_Passage,500,0
1633,28,Encoding,S_Passage,500,0
1634,28,Encoding,C_Hall,500,1
1635,28,Encoding,C_Hall,500,0
1636,28,Encoding,C_Hall,500,0
1637,28,Encoding,C_Hall,500,0
1638,28,Encoding,C_Hall,500,0
1639,28,Encoding,C_Hall,500,0
1640,28,Encoding,C_Hall,500,1
1641,28,Encoding,C_Hall,500,0
1642,28,Encoding,C_Hall,500,2
1643,28,Encoding,C_Hall,500,0
1644,28,Encoding,C_Hall,500,1
1645,28,Encoding,C_Hall,500,0
1646,28,Encoding,C_Hall,500,0
1647,28,Encoding,SE_Room,500,0
1648,28,Encoding,SE_Room,500,0
1649,28,Encoding,SE_Room,500,0
1650,28,Encoding,SE_Room,500,0
1651,28,Encoding,SE_Hall,500,0
1652,28,Encoding,SE_Hall,500,1
1653,28,Encoding,SE_Hall,500,0
1654,28,Encoding,SE_Room,500,0
1655,28,Encoding,SE_Room,500,0
1656,28,Encoding,SE_Room,500,1
1657,28,Encoding,SE_Room,500,0
1658,28,Encoding,C_Hall,500,1
1659,28,Encoding,NE_Room,500,0
1660,28,Encoding,NE_Room,500,0
1661,28,Encoding,NE_Room,500,0
1662,28,Encoding,NE_Room,500,1
1663,28,Encoding,NE_Hall,500,0
1664,28,Encoding,NE_Hall,500,0
1665,28,Encoding,NE_Hall,500,0
1666,28,Encoding,NE_Hall,500,0
1667,28,Encoding,NE_Hall,500,0
1668,28,Encoding,N_Passage,500,0
1669,28,Encoding,NW_Hall,500,0
1670,28,Encoding,NW_Hall,500,2
1671,28,Encoding,NW_Hall,500,1
1672,28,Encoding,NW_Hall,500,1
1673,28,Encoding,NW_Hall,500,1
1674,28,Encoding,NW_Room,500,0
1675,28,Encoding,NW_Room,500,0
1676,28,Encoding,NW_Room,500,0
1677,28,Encoding,NW_Room,500,0
1678,28,Encoding,C_Hall,500,0
1679,28,Encoding,SW_Room,500,0
1680,29,Encoding,Base,500,0
1681,29,Encoding,Base,500,1
1682,29,Encoding,Base,500,0
1683,29,Encoding,Base,500,0
1684,29,Encoding,SW_Hall,500,0
1685,29,Encoding,SW_Hall,500,0
1686,29,Encoding,SW_Hall,500,0
1687,29,Encoding,SW_Hall,500,0
1688,29,Encoding,SW_Hall,500,0
1689,29,Encoding,SW_Room,500,0
1690,29,Encoding,SW_Room,500,0
1691,29,Encoding,SW_Room,500,0
1692,29,Encoding,SW_Room,500,0
1693,29,Encoding,C_Hall,500,0
1694,29,Encoding,C_Hall,500,0
1695,29,Encoding,C_Hall,500,0
1696,29,Encoding,NW_Room,500,1
1697,29,Encoding,NW_Room,500,0
1698,29,Encoding,NW_Room,500,1
1699,29,Encoding,NW_Room,500,0
1700,29,Encoding,NW_Room,500,0
1701,29,Encoding,NW_Room,500,0
1702,29,Encoding,NW_Hall,500,0
1703,29,Encoding,NW_Hall,500,0
1704,29,Encoding,NW_Hall,500,0
1705,29,Encoding,NW_Hall,500,1
1706,29,Encoding,NW_Hall,500,0
1707,29,Encoding,NW_Hall,500,0
1708,29,Encoding,NW_Hall,500,0
1709,29,Encoding,NW_Hall,500,0
1710,29,Encoding,NW_Hall,500,0
1711,29,Encoding,NW_Hall,500,1
1712,29,Encoding,NW_Hall,500,1
1713,29,Encoding,NW_Hall,500,0
1714,29,Encoding,NW_Hall,500,0
1715,29,Encoding,NW_Hall,500,1
1716,29,Encoding,N_Passage,500,3
1717,29,Encoding,N_Passage,500,0
1718,29,Encoding,N_Passage,500,1
1719,29,Encoding,N_Passage,500,0
1720,29,Encoding,N_Passage,500,0
1721,29,Encoding,C_Hall,500,0
1722,29,Encoding,S_Passage,500,0
1723,29,Encoding,S_Passage,500,0
1724,29,Encoding,S_Passage,500,0
1725,29,Encoding,Base,500,0
1726,29,Encoding,Base,500,1
1727,29,Encoding,Base,500,0
1728,29,Encoding,Base,500,0
1729,29,Encoding,Base,500,0
1730,29,Encoding,Base,500,0
1731,29,Encoding,Base,500,1
1732,29,Encoding,Base,500,3
1733,29,Encoding,Base,500,0
1734,29,Encoding,Base,500,0
1735,29,Encoding,Base,500,1
1736,29,Encoding,Base,500,1
1737,29,Encoding,Base,500,0
1738,29,Encoding,Base,500,1
1739,29,Encoding,Base,500,1
1740,30,Encoding,Base,500,0
1741,30,Encoding,Base,500,0
1742,30,Encoding,Base,500,0
1743,30,Encoding,Base,500,1
1744,30,Encoding,Base,500,0
1745,30,Encoding,Base,500,0
1746,30,Encoding,SE_Hall,500,0
1747,30,Encoding,SE_Hall,500,0
1748,30,Encoding,SE_Hall,500,0
1749,30,Encoding,SE_Hall,500,0
1750,30,Encoding,SE_Hall,500,0
1751,30,Encoding,SE_Room,500,0
1752,30,Encoding,SE_Room,500,0
1753,30,Encoding,SE_Room,500,0
1754,30,Encoding,SE_Room,500,0
1755,30,Encoding,C_Hall,500,0
1756,30,Encoding,NE_Room,500,0
1757,30,Encoding,NE_Room,500,1
1758,30,Encoding,NE_Room,500,0
1759,30,Encoding,NE_Room,500,0
1760,30,Encoding,NE_Room,500,0
1761,30,Encoding,NE_Room,500,0
1762,30,Encoding,NE_Room,500,0
1763,30,Encoding,NE_Hall,500,2
1764,30,Encoding,NE_Hall,500,0
1765,30,Encoding,NE_Hall,500,0
1766,30,Encoding,NE_Hall,500,0
1767,30,Encoding,NE_Hall,500,0
1768,30,Encoding,NE_Hall,500,0
1769,30,Encoding,NE_Hall,500,0
1770,30,Encoding,NE_Hall,500,0
1771,30,Encoding,NE_Hall,500,1
1772,30,Encoding,N_Passage,500,0
1773,30,Encoding,NW_Hall,500,1
1774,30,Encoding,NW_Hall,500,1
1775,30,Encoding,NW_Hall,500,2
1776,30,Encoding,NW_Hall,500,1
1777,30,Encoding,NW_Hall,500,1
1778,30,Encoding,NW_Hall,500,0
1779,30,Encoding,NW_Room,500,1
1780,30,Encoding,NW_Room,500,0
1781,30,Encoding,NW_Room,500,1
1782,30,Encoding,NW_Room,500,0
1783,30,Encoding,C_Hall,500,0
1784,30,Encoding,C_Hall,500,0
1785,30,Encoding,C_Hall,500,0
1786,30,Encoding,SW_Room,500,1
1787,30,Encoding,SW_Room,500,0
1788,30,Encoding,SW_Room,500,0
1789,30,Encoding,SW_Room,500,0
1790,30,Encoding,SW_Hall,500,1
1791,30,Encoding,SW_Hall,500,0
1792,30,Encoding,SW_Hall,500,0
1793,30,Encoding,SW_Hall,500,0
1794,30,Encoding,SW_Hall,500,0
1795,30,Encoding,SW_Hall,500,1
1796,30,Encoding,Base,500,0
1797,30,Encoding,Base,500,0
1798,30,Encoding,Base,500,0
1799,30,Encoding,Base,500,0
1800,31,Encoding,Base,500,0
1801,31,Encoding,Base,500,0
1802,31,Encoding,Base,500,0
1803,31,Encoding,Base,500,0
1804,31,Encoding,Base,500,0
1805,31,Encoding,Base,500,0
1806,31,Encoding,Base,500,0
1807,31,Encoding,Base,500,0
1808,31,Encoding,S_Passage,500,0
1809,31,Encoding,S_Passage,500,0
1810,31,Encoding,S_Passage,500,0
1811,31,Encoding,C_Hall,500,0
1812,31,Encoding,C_Hall,500,0
1813,31,Encoding,C_Hall,500,0
1814,31,Encoding,C_Hall,500,0
1815,31,Encoding,C_Hall,500,0
1816,31,Encoding,C_Hall,500,0
1817,31,Encoding,C_Hall,500,0
1818,31,Encoding,C_Hall,500,1
1819,31,Encoding,SE_Room,500,0
1820,31,Encoding,SE_Room,500,0
1821,31,Encoding,SE_Room,500,1
1822,31,Encoding,SE_Hall,500,0
1823,31,Encoding,SE_Hall,500,0
1824,31,Encoding,SE_Hall,500,1
1825,31,Encoding,SE_Hall,500,0
1826,31,Encoding,SE_Hall,500,0
1827,31,Encoding,SE_Hall,500,1
1828,31,Encoding,SE_Hall,500,1
1829,31,Encoding,SE_Room,500,0
1830,31,Encoding,SE_Room,500,0
1831,31,Encoding,SE_Room,500,0
1832,31,Encoding,SE_Room,500,0
1833,31,Encoding,C_Hall,500,1
1834,31,Encoding,C_Hall,500,0
1835,31,Encoding,C_Hall,500,0
1836,31,Encoding,C_Hall,500,0
1837,31,Encoding,C_Hall,500,2
1838,31,Encoding,C_Hall,500,1
1839,31,Encoding,SW_Room,500,0
1840,31,Encoding,SW_Room,500,1
1841,31,Encoding,SW_Room,500,0
1842,31,Encoding,SW_Room,500,0
1843,31,Encoding,SW_Room,500,0
1844,31,Encoding,SW_Hall,500,1
1845,31,Encoding,SW_Hall,500,2
1846,31,Encoding,SW_Hall,500,0
1847,31,Encoding,SW_Hall,500,0
1848,31,Encoding,SW_Hall,500,0
1849,31,Encoding,SW_Hall,500,0
1850,31,Encoding,SW_Hall,500,0
1851,31,Encoding,Base,500,0
1852,31,Encoding,Base,500,0
1853,31,Encoding,Base,500,0
1854,31,Encoding,Base,500,2
1855,31,Encoding,Base,500,0
1856,31,Encoding,Base,500,0
1857,31,Encoding,Base,500,0
1858,31,Encoding,Base,500,1
1859,31,Encoding,Base,500,0
1860,32,Encoding,Base,500,0
1861,32,Encoding,Base,500,0
1862,32,Encoding,Base,500,0
1863,32,Encoding,Base,500,0
1864,32,Encoding,SE_Hall,500,0
1865,32,Encoding,SE_Hall,500,0
1866,32,Encoding,SE_Hall,500,0
1867,32,Encoding,SE_Hall,500,0
1868,32,Encoding,SE_Hall,500,0
1869,32,Encoding,SE_Hall,500,0
1870,32,Encoding,SE_Room,500,0
1871,32,Encoding,SE_Room,500,0
1872,32,Encoding,SE_Room,500,0
1873,32,Encoding,SE_Room,500,0
1874,32,Encoding,SE_Room,500,1
1875,32,Encoding,SE_Room,500,0
1876,32,Encoding,C_Hall,500,0
1877,32,Encoding,C_Hall,500,0
1878,32,Encoding,C_Hall,500,0
1879,32,Encoding,C_Hall,500,0
1880,32,Encoding,NE_Room,500,0
1881,32,Encoding,NE_Room,500,0
1882,32,Encoding,NE_Room,500,0
1883,32,Encoding,NE_Room,500,0
1884,32,Encoding,NE_Hall,500,0
1885,32,Encoding,NE_Hall,500,0
1886,32,Encoding,NE_Hall,500,1
1887,32,Encoding,NE_Hall,500,0
1888,32,Encoding,NE_Hall,500,0
1889,32,Encoding,NE_Hall,500,0
1890,32,Encoding,NE_Hall,500,0
1891,32,Encoding,NE_Hall,500,0
1892,32,Encoding,NE_Hall,500,1
1893,32,Encoding,NE_Hall,500,0
1894,32,Encoding,N_Passage,500,0
1895,32,Encoding,NW_Hall,500,2
1896,32,Encoding,NW_Hall,500,0
1897,32,Encoding,NW_Hall,500,0
1898,32,Encoding,NW_Hall,500,0
1899,32,Encoding,NW_Hall,500,0
1900,32,Encoding,NW_Hall,500,0
1901,32,Encoding,NW_Hall,500,1
1902,32,Encoding,NW_Room,500,0
1903,32,Encoding,NW_Room,500,0
1904,32,Encoding,NW_Room,500,0
1905,32,Encoding,NW_Room,500,2
1906,32,Encoding,C_Hall,500,0
1907,32,Encoding,C_Hall,500,0
1908,32,Encoding,SW_Room,500,0
1909,32,Encoding,SW_Room,500,1
1910,32,Encoding,SW_Room,500,2
1911,32,Encoding,SW_Room,500,0
1912,32,Encoding,SW_Room,500,0
1913,32,Encoding,SW_Hall,500,1
1914,32,Encoding,SW_Hall,500,0
1915,32,Encoding,SW_Hall,500,0
1916,32,Encoding,SW_Hall,500,0
1917,32,Encoding,SW_Hall,500,1
1918,32,Encoding,Base,500,1
1919,32,Encoding,Base,500,0
1920,33,Encoding,Base,500,2
1921,33,Encoding,Base,500,0
1922,33,Encoding,Base,500,0
1923,33,Encoding,Base,500,1
1924,33,Encoding,Base,500,0
1925,33,Encoding,SW_Hall,500,0
1926,33,Encoding,SW_Hall,500,0
1927,33,Encoding,SW_Hall,500,0
1928,33,Encoding,SW_Hall,500,0
1929,33,Encoding,SW_Hall,500,0
1930,33,Encoding,SW_Room,500,0
1931,33,Encoding,SW_Room,500,0
1932,33,Encoding,SW_Room,500,1
1933,33,Encoding,SW_Room,500,2
1934,33,Encoding,SW_Room,500,0
1935,33,Encoding,SW_Room,500,0
1936,33,Encoding,SW_Room,500,0
1937,33,Encoding,SW_Room,500,0
1938,33,Encoding,C_Hall,500,0
1939,33,Encoding,C_Hall,500,0
1940,33,Encoding,C_Hall,500,0
1941,33,Encoding,C_Hall,500,0
1942,33,Encoding,C_Hall,500,0
1943,33,Encoding,C_Hall,500,0
1944,33,Encoding,C_Hall,500,0
1945,33,Encoding,C_Hall,500,0
1946,33,Encoding,C_Hall,500,1
1947,33,Encoding,C_Hall,500,0
1948,33,Encoding,C_Hall,500,3
1949,33,Encoding,C_Hall,500,1
1950,33,Encoding,C_Hall,500,3
1951,33,Encoding,C_Hall,500,0
1952,33,Encoding,C_Hall,500,0
1953,33,Encoding,C_Hall,500,0
1954,33,Encoding,SE_Room,500,0
1955,33,Encoding,SE_Room,500,3
1956,33,Encoding,SE_Room,500,1
1957,33,Encoding,SE_Room,500,0
1958,33,Encoding,SE_Room,500,0
1959,33,Encoding,SE_Room,500,0
1960,33,Encoding,SE_Hall,500,0
1961,33,Encoding,SE_Hall,500,0
1962,33,Encoding,SE_Hall,500,0
1963,33,Encoding,SE_Hall,500,0
1964,33,Encoding,SE_Hall,500,0
1965,33,Encoding,Base,500,0
1966,33,Encoding,Base,500,0
1967,33,Encoding,Base,500,0
1968,33,Encoding,Base,500,1
1969,33,Encoding,Base,500,0
1970,33,Encoding,Base,500,2
1971,33,Encoding,Base,500,0
1972,33,Encoding,Base,500,0
1973,33,Encoding,Base,500,0
1974,33,Encoding,Base,500,0
1975,33,Encoding,Base,500,0
1976,33,Encoding,Base,500,5
1977,33,Encoding,Base,500,0
1978,33,Encoding,Base,500,0
1979,33,Encoding,Base,500,0
1980,34,Encoding,Base,500,0
1981,34,Encoding,Base,500,0
1982,34,Encoding,Base,500,0
1983,34,Encoding,Base,500,0
1984,34,Encoding,Base,500,0
1985,34,Encoding,SE_Hall,500,0
1986,34,Encoding,SE_Hall,500,0
1987,34,Encoding,SE_Hall,500,1
1988,34,Encoding,SE_Hall,500,0
1989,34,Encoding,SE_Hall,500,1
1990,34,Encoding,SE_Hall,500,0
1991,34,Encoding,SE_Room,500,0
1992,34,Encoding,SE_Room,500,0
1993,34,Encoding,SE_Room,500,0
1994,34,Encoding,SE_Room,500,0
1995,34,Encoding,C_Hall,500,0
1996,34,Encoding,C_Hall,500,0
1997,34,Encoding,C_Hall,500,0
1998,34,Encoding,NE_Room,500,1
1999,34,Encoding,NE_Room,500,0
2000,34,Encoding,NE_Room,500,0
2001,34,Encoding,NE_Room,500,0
2002,34,Encoding,NE_Hall,500,0
2003,34,Encoding,NE_Hall,500,0
2004,34,Encoding,NE_Hall,500,0
2005,34,Encoding,NE_Hall,500,1
2006,34,Encoding,NE_Hall,500,0
2007,34,Encoding,NE_Hall,500,1
2008,34,Encoding,N_Passage,500,0
2009,34,Encoding,N_Passage,500,0
2010,34,Encoding,NW_Hall,500,0
2011,34,Encoding,NW_Hall,500,1
2012,34,Encoding,NW_Hall,500,1
2013,34,Encoding,NW_Hall,500,0
2014,34,Encoding,NW_Hall,500,0
2015,34,Encoding,NW_Hall,500,0
2016,34,Encoding,NW_Hall,500,0
2017,34,Encoding,NW_Room,500,1
2018,34,Encoding,NW_Room,500,0
2019,34,Encoding,NW_Room,500,0
2020,34,Encoding,NW_Room,500,0
2021,34,Encoding,NW_Room,500,2
2022,34,Encoding,C_Hall,500,0
2023,34,Encoding,SW_Room,500,0
2024,34,Encoding,SW_Room,500,0
2025,34,Encoding,SW_Room,500,1
2026,34,Encoding,SW_Room,500,0
2027,34,Encoding,SW_Room,500,2
2028,34,Encoding,SW_Hall,500,1
2029,34,Encoding,SW_Hall,500,1
2030,34,Encoding,SW_Hall,500,0
2031,34,Encoding,SW_Hall,500,0
2032,34,Encoding,Base,500,1
2033,34,Encoding,Base,500,1
2034,34,Encoding,Base,500,0
2035,34,Encoding,Base,500,0
2036,34,Encoding,Base,500,0
2037,34,Encoding,Base,500,0
2038,34,Encoding,Base,500,1
2039,34,Encoding,Base,500,1
2040,35,Encoding,Base,500,0
2041,35,Encoding,Base,500,0
2042,35,Encoding,Base,500,0
2043,35,Encoding,Base,500,2
2044,35,Encoding,SW_Hall,500,0
2045,35,Encoding,SW_Hall,500,0
2046,35,Encoding,SW_Hall,500,0
2047,35,Encoding,SW_Hall,500,0
2048,35,Encoding,SW_Room,500,0
2049,35,Encoding,SW_Room,500,0
2050,35,Encoding,SW_Room,500,0
2051,35,Encoding,SW_Room,500,0
2052,35,Encoding,SW_Room,500,0
2053,35,Encoding,SW_Room,500,0
2054,35,Encoding,C_Hall,500,0
2055,35,Encoding,C_Hall,500,0
2056,35,Encoding,NW_Room,500,0
2057,35,Encoding,NW_Room,500,0
2058,35,Encoding,NW_Room,500,0
2059,35,Encoding,NW_Room,500,0
2060,35,Encoding,NW_Room,500,1
2061,35,Encoding,NW_Room,500,0
2062,35,Encoding,NW_Hall,500,0
2063,35,Encoding,NW_Hall,500,3
2064,35,Encoding,NW_Room,500,0
2065,35,Encoding,NW_Room,500,0
2066,35,Encoding,NW_Room,500,0
2067,35,Encoding,NW_Room,500,0
2068,35,Encoding,C_Hall,500,0
2069,35,Encoding,C_Hall,500,0
2070,35,Encoding,SW_Room,500,0
2071,35,Encoding,SW_Room,500,1
2072,35,Encoding,SW_Room,500,0
2073,35,Encoding,SW_Room,500,0
2074,35,Encoding,C_Hall,500,0
2075,35,Encoding,C_Hall,500,0
2076,35,Encoding,SW_Room,500,0
2077,35,Encoding,SW_Room,500,3
2078,35,Encoding,SW_Room,500,0
2079,35,Encoding,SW_Room,500,0
2080,35,Encoding,SW_Hall,500,0
2081,35,Encoding,SW_Hall,500,1
2082,35,Encoding,SW_Hall,500,0
2083,35,Encoding,SW_Hall,500,0
2084,35,Encoding,Base,500,0
2085,35,Encoding,Base,500,0
2086,35,Encoding,Base,500,0
2087,35,Encoding,Base,500,0
2088,35,Encoding,Base,500,0
2089,35,Encoding,Base,500,0
2090,35,Encoding,Base,500,2
2091,35,Encoding,Base,500,1
2092,35,Encoding,Base,500,0
2093,35,Encoding,Base,500,0
2094,35,Encoding,Base,500,1
2095,35,Encoding,Base,500,0
2096,35,Encoding,Base,500,2
2097,35,Encoding,Base,500,0
2098,35,Encoding,Base,500,0
2099,35,Encoding,Base,500,0
2100,36,Encoding,Base,500,0
2101,36,Encoding,Base,500,0
2102,36,Encoding,Base,500,1
2103,36,Encoding,Base,500,0
2104,36,Encoding,Base,500,1
2105,36,Encoding,S_Passage,500,2
2106,36,Encoding,S_Passage,500,0
2107,36,Encoding,S_Passage,500,0
2108,36,Encoding,C_Hall,500,1
2109,36,Encoding,C_Hall,500,0
2110,36,Encoding,C_Hall,500,0
2111,36,Encoding,C_Hall,500,0
2112,36,Encoding,C_Hall,500,0
2113,36,Encoding,C_Hall,500,1
2114,36,Encoding,N_Passage,500,1
2115,36,Encoding,N_Passage,500,0
2116,36,Encoding,N_Passage,500,0
2117,36,Encoding,N_Passage,500,0
2118,36,Encoding,N_Passage,500,0
2119,36,Encoding,N_Passage,500,0
2120,36,Encoding,N_Passage,500,2
2121,36,Encoding,N_Passage,500,0
2122,36,Encoding,NE_Hall,500,0
2123,36,Encoding,NE_Hall,500,0
2124,36,Encoding,NE_Hall,500,1
2125,36,Encoding,NE_Hall,500,1
2126,36,Encoding,NE_Hall,500,1
2127,36,Encoding,NE_Hall,500,0
2128,36,Encoding,NE_Room,500,0
2129,36,Encoding,NE_Room,500,0
2130,36,Encoding,NE_Room,500,0
2131,36,Encoding,NE_Room,500,0
2132,36,Encoding,C_Hall,500,0
2133,36,Encoding,C_Hall,500,0
2134,36,Encoding,SE_Room,500,0
2135,36,Encoding,SE_Room,500,1
2136,36,Encoding,SE_Room,500,0
2137,36,Encoding,SE_Room,500,0
2138,36,Encoding,SE_Room,500,0
2139,36,Encoding,SE_Room,500,1
2140,36,Encoding,SE_Room,500,0
2141,36,Encoding,SE_Room,500,0
2142,36,Encoding,SE_Hall,500,0
2143,36,Encoding,SE_Hall,500,0
2144,36,Encoding,SE_Hall,500,0
2145,36,Encoding,SE_Hall,500,0
2146,36,Encoding,SE_Hall,500,0
2147,36,Encoding,Base,500,0
2148,36,Encoding,Base,500,0
2149,36,Encoding,Base,500,0
2150,36,Encoding,Base,500,0
2151,36,Encoding,Base,500,0
2152,36,Encoding,Base,500,0
2153,36,Encoding,Base,500,0
2154,36,Encoding,Base,500,0
2155,36,Encoding,Base,500,0
2156,36,Encoding,Base,500,0
2157,36,Encoding,Base,500,0
2158,36,Encoding,Base,500,0
2159,36,Encoding,Base,500,0
