,trial,gameState,maze_region,46-1
119,1,Retrieval,Base,0
120,1,Retrieval,Base,1
121,1,Retrieval,Base,0
122,1,Retrieval,Base,0
123,1,Retrieval,Base,1
124,1,Retrieval,Base,1
125,1,Retrieval,Base,0
126,1,Retrieval,Base,1
127,1,Retrieval,Base,4
128,1,Retrieval,SE_Hall,0
129,1,Retrieval,SE_Hall,0
130,1,Retrieval,SE_Hall,0
131,1,Retrieval,SE_Hall,1
132,1,Retrieval,SE_Hall,0
133,1,Retrieval,SE_Room,3
134,1,Retrieval,SE_Room,3
135,1,Retrieval,SE_Room,2
136,1,Retrieval,SE_Room,0
137,1,Retrieval,SE_Room,0
138,1,Retrieval,SE_Room,0
139,1,Retrieval,SE_Room,0
140,1,Retrieval,SE_Room,1
141,1,Retrieval,SE_Room,0
142,1,Retrieval,SE_Room,0
143,1,Retrieval,SE_Room,0
144,1,Retrieval,SE_Room,1
145,1,Retrieval,SE_Room,3
146,1,Retrieval,SE_Room,3
147,1,Retrieval,SE_Room,2
148,1,Retrieval,SE_Room,1
149,1,Retrieval,SE_Room,0
150,1,Retrieval,SE_Room,0
151,1,Retrieval,SE_Room,0
152,1,Retrieval,C_Hall,0
153,1,Retrieval,C_Hall,0
154,1,Retrieval,NE_Room,1
155,1,Retrieval,NE_Room,0
156,1,Retrieval,NE_Room,0
157,1,Retrieval,NE_Room,0
158,1,Retrieval,NE_Hall,1
159,1,Retrieval,NE_Hall,1
160,1,Retrieval,NE_Hall,0
161,1,Retrieval,NE_Hall,0
162,1,Retrieval,NE_Hall,0
163,1,Retrieval,NE_Hall,0
164,1,Retrieval,N_Passage,0
165,1,Retrieval,N_Passage,0
166,1,Retrieval,NW_Hall,0
167,1,Retrieval,NW_Hall,0
168,1,Retrieval,NW_Hall,0
169,1,Retrieval,NW_Hall,0
170,1,Retrieval,NW_Hall,3
171,1,Retrieval,NW_Hall,2
172,1,Retrieval,NW_Hall,1
173,1,Retrieval,NW_Hall,0
174,1,Retrieval,NW_Hall,1
175,1,Retrieval,NW_Hall,0
176,1,Retrieval,NW_Hall,3
177,1,Retrieval,NW_Hall,5
178,1,Retrieval,NW_Hall,0
292,2,Retrieval,Base,0
293,2,Retrieval,Base,1
294,2,Retrieval,Base,0
295,2,Retrieval,Base,6
296,2,Retrieval,Base,0
297,2,Retrieval,S_Passage,1
298,2,Retrieval,S_Passage,1
299,2,Retrieval,S_Passage,0
300,2,Retrieval,C_Hall,0
301,2,Retrieval,C_Hall,1
302,2,Retrieval,C_Hall,0
303,2,Retrieval,C_Hall,0
304,2,Retrieval,C_Hall,2
305,2,Retrieval,C_Hall,1
306,2,Retrieval,C_Hall,0
307,2,Retrieval,SE_Room,0
308,2,Retrieval,SE_Room,1
309,2,Retrieval,SE_Room,2
310,2,Retrieval,SE_Room,0
311,2,Retrieval,SE_Room,0
312,2,Retrieval,SE_Room,0
313,2,Retrieval,SE_Room,0
314,2,Retrieval,SE_Room,0
315,2,Retrieval,SE_Room,1
316,2,Retrieval,SE_Room,0
317,2,Retrieval,SE_Room,0
318,2,Retrieval,SE_Room,1
319,2,Retrieval,SE_Room,4
320,2,Retrieval,SE_Room,1
321,2,Retrieval,SE_Room,2
322,2,Retrieval,SE_Room,1
323,2,Retrieval,SE_Room,0
324,2,Retrieval,SE_Room,0
325,2,Retrieval,SE_Room,0
326,2,Retrieval,SE_Room,0
327,2,Retrieval,SE_Room,0
328,2,Retrieval,SE_Room,1
329,2,Retrieval,SE_Room,0
330,2,Retrieval,SE_Room,0
331,2,Retrieval,SE_Room,0
332,2,Retrieval,SE_Room,0
333,2,Retrieval,SE_Room,0
334,2,Retrieval,SE_Room,0
335,2,Retrieval,C_Hall,0
336,2,Retrieval,C_Hall,1
337,2,Retrieval,C_Hall,1
338,2,Retrieval,C_Hall,0
339,2,Retrieval,C_Hall,0
340,2,Retrieval,C_Hall,0
341,2,Retrieval,C_Hall,1
342,2,Retrieval,C_Hall,1
343,2,Retrieval,C_Hall,1
344,2,Retrieval,C_Hall,0
345,2,Retrieval,C_Hall,0
346,2,Retrieval,C_Hall,3
347,2,Retrieval,NE_Room,3
348,2,Retrieval,NE_Room,0
349,2,Retrieval,NE_Room,2
350,2,Retrieval,NE_Hall,2
351,2,Retrieval,NE_Hall,5
468,3,Retrieval,Base,3
469,3,Retrieval,Base,0
470,3,Retrieval,Base,2
471,3,Retrieval,Base,0
472,3,Retrieval,Base,0
473,3,Retrieval,Base,2
474,3,Retrieval,SW_Hall,0
475,3,Retrieval,SW_Hall,1
476,3,Retrieval,SW_Hall,4
477,3,Retrieval,SW_Hall,2
478,3,Retrieval,SW_Room,0
479,3,Retrieval,SW_Room,0
480,3,Retrieval,SW_Room,0
481,3,Retrieval,SW_Room,0
482,3,Retrieval,C_Hall,0
483,3,Retrieval,C_Hall,0
484,3,Retrieval,C_Hall,0
485,3,Retrieval,C_Hall,1
486,3,Retrieval,C_Hall,0
487,3,Retrieval,C_Hall,1
488,3,Retrieval,C_Hall,2
489,3,Retrieval,C_Hall,0
490,3,Retrieval,C_Hall,0
491,3,Retrieval,C_Hall,0
492,3,Retrieval,C_Hall,2
493,3,Retrieval,C_Hall,0
494,3,Retrieval,C_Hall,2
495,3,Retrieval,C_Hall,2
496,3,Retrieval,C_Hall,0
497,3,Retrieval,NW_Room,0
498,3,Retrieval,NW_Room,2
499,3,Retrieval,NW_Room,3
500,3,Retrieval,NW_Room,1
501,3,Retrieval,NW_Hall,1
502,3,Retrieval,NW_Hall,1
503,3,Retrieval,NW_Hall,0
504,3,Retrieval,NW_Hall,0
505,3,Retrieval,NW_Hall,1
506,3,Retrieval,NW_Hall,0
507,3,Retrieval,NW_Hall,0
508,3,Retrieval,NW_Room,1
509,3,Retrieval,NW_Room,1
510,3,Retrieval,NW_Room,1
511,3,Retrieval,NW_Room,3
512,3,Retrieval,NW_Room,2
513,3,Retrieval,NW_Room,2
514,3,Retrieval,NW_Room,0
515,3,Retrieval,NW_Hall,1
516,3,Retrieval,NW_Hall,3
517,3,Retrieval,NW_Hall,0
518,3,Retrieval,NW_Hall,0
519,3,Retrieval,NW_Hall,0
520,3,Retrieval,NW_Hall,1
521,3,Retrieval,N_Passage,0
522,3,Retrieval,NE_Hall,0
523,3,Retrieval,NE_Hall,0
524,3,Retrieval,NE_Hall,0
525,3,Retrieval,NE_Hall,1
526,3,Retrieval,NE_Hall,0
527,3,Retrieval,NE_Hall,6
644,4,Retrieval,Base,1
645,4,Retrieval,Base,0
646,4,Retrieval,Base,0
647,4,Retrieval,Base,0
648,4,Retrieval,Base,5
649,4,Retrieval,SW_Hall,1
650,4,Retrieval,SW_Hall,0
651,4,Retrieval,SW_Hall,1
652,4,Retrieval,SW_Hall,1
653,4,Retrieval,SW_Hall,1
654,4,Retrieval,SW_Room,6
655,4,Retrieval,SW_Room,2
656,4,Retrieval,SW_Room,1
657,4,Retrieval,SW_Room,3
658,4,Retrieval,SW_Room,0
659,4,Retrieval,SW_Room,0
660,4,Retrieval,SW_Room,0
661,4,Retrieval,SW_Room,1
662,4,Retrieval,SW_Room,5
663,4,Retrieval,SW_Room,1
664,4,Retrieval,SW_Room,0
665,4,Retrieval,SW_Room,4
666,4,Retrieval,SW_Room,7
667,4,Retrieval,C_Hall,0
668,4,Retrieval,C_Hall,3
669,4,Retrieval,NW_Room,0
670,4,Retrieval,NW_Room,1
671,4,Retrieval,NW_Room,0
672,4,Retrieval,NW_Room,1
673,4,Retrieval,NW_Room,6
674,4,Retrieval,NW_Room,3
675,4,Retrieval,NW_Room,1
676,4,Retrieval,NW_Room,1
677,4,Retrieval,NW_Hall,3
678,4,Retrieval,NW_Hall,3
679,4,Retrieval,NW_Hall,0
680,4,Retrieval,NW_Hall,0
681,4,Retrieval,NW_Hall,0
682,4,Retrieval,NW_Hall,0
683,4,Retrieval,N_Passage,1
684,4,Retrieval,N_Passage,3
685,4,Retrieval,N_Passage,3
686,4,Retrieval,N_Passage,5
687,4,Retrieval,N_Passage,0
688,4,Retrieval,C_Hall,0
689,4,Retrieval,C_Hall,1
690,4,Retrieval,C_Hall,0
691,4,Retrieval,S_Passage,0
692,4,Retrieval,S_Passage,1
693,4,Retrieval,S_Passage,2
694,4,Retrieval,S_Passage,0
695,4,Retrieval,S_Passage,1
696,4,Retrieval,Base,0
697,4,Retrieval,Base,1
698,4,Retrieval,SW_Hall,0
699,4,Retrieval,SW_Hall,1
700,4,Retrieval,SW_Hall,0
701,4,Retrieval,SW_Hall,2
702,4,Retrieval,SW_Hall,3
703,4,Retrieval,SW_Room,0
812,5,Retrieval,Base,1
813,5,Retrieval,Base,3
814,5,Retrieval,Base,0
815,5,Retrieval,Base,0
816,5,Retrieval,SE_Hall,0
817,5,Retrieval,SE_Hall,0
818,5,Retrieval,SE_Hall,1
819,5,Retrieval,SE_Hall,0
820,5,Retrieval,SE_Hall,0
821,5,Retrieval,SE_Hall,1
822,5,Retrieval,SE_Hall,0
823,5,Retrieval,SE_Room,1
824,5,Retrieval,SE_Room,1
825,5,Retrieval,SE_Room,1
826,5,Retrieval,SE_Room,0
827,5,Retrieval,C_Hall,0
828,5,Retrieval,NE_Room,0
829,5,Retrieval,NE_Room,0
830,5,Retrieval,NE_Room,0
831,5,Retrieval,NE_Room,0
832,5,Retrieval,NE_Room,3
833,5,Retrieval,NE_Room,0
834,5,Retrieval,NE_Room,2
835,5,Retrieval,NE_Room,1
836,5,Retrieval,NE_Hall,0
837,5,Retrieval,NE_Hall,0
838,5,Retrieval,NE_Hall,1
839,5,Retrieval,NE_Hall,1
840,5,Retrieval,NE_Hall,1
841,5,Retrieval,NE_Hall,3
842,5,Retrieval,NE_Hall,2
843,5,Retrieval,NE_Hall,2
844,5,Retrieval,NE_Hall,2
845,5,Retrieval,N_Passage,0
846,5,Retrieval,N_Passage,0
847,5,Retrieval,NW_Hall,1
848,5,Retrieval,NW_Hall,0
849,5,Retrieval,NW_Hall,0
850,5,Retrieval,NW_Hall,0
851,5,Retrieval,NW_Hall,0
852,5,Retrieval,NW_Hall,0
853,5,Retrieval,NW_Hall,1
854,5,Retrieval,NW_Hall,10
855,5,Retrieval,NW_Room,2
856,5,Retrieval,NW_Room,0
857,5,Retrieval,NW_Room,8
858,5,Retrieval,NW_Room,2
859,5,Retrieval,NW_Room,0
860,5,Retrieval,C_Hall,1
861,5,Retrieval,SW_Room,1
862,5,Retrieval,SW_Room,1
863,5,Retrieval,SW_Room,0
864,5,Retrieval,SW_Room,0
865,5,Retrieval,SW_Room,2
866,5,Retrieval,SW_Room,1
867,5,Retrieval,SW_Room,0
868,5,Retrieval,SW_Room,0
869,5,Retrieval,SW_Room,0
870,5,Retrieval,C_Hall,0
871,5,Retrieval,C_Hall,0
985,6,Retrieval,Base,0
986,6,Retrieval,Base,0
987,6,Retrieval,Base,0
988,6,Retrieval,Base,0
989,6,Retrieval,Base,0
990,6,Retrieval,Base,0
991,6,Retrieval,S_Passage,0
992,6,Retrieval,S_Passage,0
993,6,Retrieval,S_Passage,0
994,6,Retrieval,C_Hall,2
995,6,Retrieval,C_Hall,1
996,6,Retrieval,C_Hall,1
997,6,Retrieval,C_Hall,2
998,6,Retrieval,C_Hall,3
999,6,Retrieval,C_Hall,0
1000,6,Retrieval,NE_Room,1
1001,6,Retrieval,NE_Room,1
1002,6,Retrieval,NE_Room,3
1003,6,Retrieval,NE_Room,4
1004,6,Retrieval,NE_Room,0
1005,6,Retrieval,NE_Room,0
1006,6,Retrieval,NE_Room,0
1007,6,Retrieval,NE_Room,5
1008,6,Retrieval,NE_Room,3
1009,6,Retrieval,NE_Hall,0
1010,6,Retrieval,NE_Room,0
1011,6,Retrieval,NE_Room,0
1012,6,Retrieval,NE_Hall,0
1013,6,Retrieval,NE_Hall,2
1014,6,Retrieval,NE_Hall,2
1015,6,Retrieval,NE_Hall,0
1016,6,Retrieval,NE_Hall,0
1017,6,Retrieval,NE_Hall,1
1018,6,Retrieval,NE_Hall,2
1019,6,Retrieval,N_Passage,3
1020,6,Retrieval,NW_Hall,2
1021,6,Retrieval,NW_Hall,0
1022,6,Retrieval,NW_Hall,0
1023,6,Retrieval,NW_Hall,0
1024,6,Retrieval,NW_Hall,0
1025,6,Retrieval,NW_Hall,1
1026,6,Retrieval,NW_Hall,0
1027,6,Retrieval,NW_Room,0
1028,6,Retrieval,NW_Room,1
1029,6,Retrieval,NW_Room,0
1030,6,Retrieval,NW_Room,1
1031,6,Retrieval,NW_Room,1
1032,6,Retrieval,NW_Room,0
1033,6,Retrieval,NW_Room,0
1034,6,Retrieval,NW_Room,0
1035,6,Retrieval,NW_Room,0
1036,6,Retrieval,NW_Room,0
1037,6,Retrieval,NW_Room,0
1038,6,Retrieval,NW_Room,1
1039,6,Retrieval,NW_Room,1
1040,6,Retrieval,NW_Room,0
1041,6,Retrieval,NW_Room,0
1042,6,Retrieval,NW_Room,0
1043,6,Retrieval,C_Hall,0
1044,6,Retrieval,SW_Room,2
1155,7,Retrieval,Base,0
1156,7,Retrieval,Base,0
1157,7,Retrieval,Base,0
1158,7,Retrieval,Base,0
1159,7,Retrieval,Base,0
1160,7,Retrieval,Base,0
1161,7,Retrieval,S_Passage,0
1162,7,Retrieval,S_Passage,0
1163,7,Retrieval,C_Hall,0
1164,7,Retrieval,C_Hall,0
1165,7,Retrieval,C_Hall,0
1166,7,Retrieval,C_Hall,1
1167,7,Retrieval,SE_Room,0
1168,7,Retrieval,SE_Room,0
1169,7,Retrieval,SE_Room,0
1170,7,Retrieval,SE_Hall,0
1171,7,Retrieval,SE_Hall,4
1172,7,Retrieval,SE_Hall,3
1173,7,Retrieval,SE_Hall,0
1174,7,Retrieval,SE_Hall,1
1175,7,Retrieval,SE_Hall,0
1176,7,Retrieval,SE_Hall,0
1177,7,Retrieval,SE_Hall,0
1178,7,Retrieval,SE_Hall,0
1179,7,Retrieval,SE_Hall,0
1180,7,Retrieval,SE_Hall,1
1181,7,Retrieval,SE_Hall,0
1182,7,Retrieval,SE_Room,0
1183,7,Retrieval,SE_Room,1
1184,7,Retrieval,SE_Room,0
1185,7,Retrieval,SE_Room,1
1186,7,Retrieval,C_Hall,2
1187,7,Retrieval,C_Hall,0
1188,7,Retrieval,C_Hall,0
1189,7,Retrieval,C_Hall,0
1190,7,Retrieval,C_Hall,1
1191,7,Retrieval,C_Hall,0
1192,7,Retrieval,SW_Room,1
1193,7,Retrieval,SW_Room,1
1194,7,Retrieval,SW_Room,3
1195,7,Retrieval,SW_Room,1
1196,7,Retrieval,SW_Room,3
1197,7,Retrieval,SW_Room,3
1198,7,Retrieval,SW_Room,4
1199,7,Retrieval,C_Hall,3
1200,7,Retrieval,C_Hall,2
1201,7,Retrieval,NW_Room,5
1202,7,Retrieval,NW_Room,3
1203,7,Retrieval,NW_Room,1
1204,7,Retrieval,NW_Room,1
1205,7,Retrieval,NW_Room,0
1206,7,Retrieval,NW_Room,1
1207,7,Retrieval,NW_Room,0
1208,7,Retrieval,NW_Room,0
1209,7,Retrieval,NW_Room,0
1210,7,Retrieval,NW_Room,1
1211,7,Retrieval,NW_Room,6
1212,7,Retrieval,C_Hall,2
1213,7,Retrieval,C_Hall,2
1214,7,Retrieval,C_Hall,0
1336,8,Retrieval,Base,0
1337,8,Retrieval,Base,0
1338,8,Retrieval,Base,1
1339,8,Retrieval,Base,0
1340,8,Retrieval,Base,1
1341,8,Retrieval,Base,0
1342,8,Retrieval,SE_Hall,0
1343,8,Retrieval,SE_Hall,1
1344,8,Retrieval,SE_Hall,0
1345,8,Retrieval,SE_Hall,2
1346,8,Retrieval,SE_Room,0
1347,8,Retrieval,SE_Room,0
1348,8,Retrieval,SE_Room,1
1349,8,Retrieval,C_Hall,1
1350,8,Retrieval,C_Hall,1
1351,8,Retrieval,C_Hall,0
1352,8,Retrieval,C_Hall,0
1353,8,Retrieval,C_Hall,0
1354,8,Retrieval,C_Hall,0
1355,8,Retrieval,C_Hall,0
1356,8,Retrieval,C_Hall,0
1357,8,Retrieval,C_Hall,0
1358,8,Retrieval,C_Hall,1
1359,8,Retrieval,C_Hall,0
1360,8,Retrieval,C_Hall,3
1361,8,Retrieval,C_Hall,4
1362,8,Retrieval,C_Hall,4
1363,8,Retrieval,C_Hall,0
1364,8,Retrieval,C_Hall,0
1365,8,Retrieval,C_Hall,0
1366,8,Retrieval,C_Hall,3
1367,8,Retrieval,C_Hall,1
1368,8,Retrieval,C_Hall,0
1369,8,Retrieval,C_Hall,0
1370,8,Retrieval,C_Hall,5
1371,8,Retrieval,C_Hall,0
1372,8,Retrieval,C_Hall,1
1373,8,Retrieval,C_Hall,1
1374,8,Retrieval,C_Hall,0
1375,8,Retrieval,C_Hall,0
1376,8,Retrieval,C_Hall,0
1377,8,Retrieval,C_Hall,1
1378,8,Retrieval,C_Hall,2
1379,8,Retrieval,C_Hall,1
1380,8,Retrieval,C_Hall,3
1381,8,Retrieval,SW_Room,1
1382,8,Retrieval,SW_Room,1
1383,8,Retrieval,SW_Room,3
1384,8,Retrieval,C_Hall,1
1385,8,Retrieval,C_Hall,0
1386,8,Retrieval,C_Hall,0
1387,8,Retrieval,C_Hall,0
1388,8,Retrieval,C_Hall,0
1389,8,Retrieval,C_Hall,0
1390,8,Retrieval,C_Hall,0
1391,8,Retrieval,C_Hall,0
1392,8,Retrieval,C_Hall,0
1393,8,Retrieval,SW_Room,1
1394,8,Retrieval,SW_Room,2
1395,8,Retrieval,SW_Room,1
1508,9,Retrieval,Base,0
1509,9,Retrieval,Base,0
1510,9,Retrieval,Base,0
1511,9,Retrieval,Base,0
1512,9,Retrieval,SW_Hall,0
1513,9,Retrieval,SW_Hall,2
1514,9,Retrieval,SW_Hall,0
1515,9,Retrieval,SW_Hall,1
1516,9,Retrieval,SW_Hall,0
1517,9,Retrieval,SW_Room,0
1518,9,Retrieval,SW_Room,0
1519,9,Retrieval,SW_Room,0
1520,9,Retrieval,SW_Room,0
1521,9,Retrieval,SW_Room,0
1522,9,Retrieval,SW_Room,0
1523,9,Retrieval,SW_Room,1
1524,9,Retrieval,SW_Room,0
1525,9,Retrieval,SW_Room,0
1526,9,Retrieval,SW_Room,1
1527,9,Retrieval,C_Hall,1
1528,9,Retrieval,C_Hall,0
1529,9,Retrieval,NW_Room,2
1530,9,Retrieval,NW_Room,0
1531,9,Retrieval,NW_Room,1
1532,9,Retrieval,NW_Hall,0
1533,9,Retrieval,NW_Hall,1
1534,9,Retrieval,NW_Hall,1
1535,9,Retrieval,NW_Hall,1
1536,9,Retrieval,NW_Hall,3
1537,9,Retrieval,NW_Hall,0
1538,9,Retrieval,NW_Hall,0
1539,9,Retrieval,NW_Hall,0
1540,9,Retrieval,NW_Hall,1
1541,9,Retrieval,NW_Hall,1
1542,9,Retrieval,N_Passage,0
1543,9,Retrieval,N_Passage,1
1544,9,Retrieval,N_Passage,7
1545,9,Retrieval,N_Passage,7
1546,9,Retrieval,N_Passage,0
1547,9,Retrieval,C_Hall,0
1548,9,Retrieval,C_Hall,0
1549,9,Retrieval,S_Passage,1
1550,9,Retrieval,S_Passage,0
1551,9,Retrieval,S_Passage,0
1552,9,Retrieval,Base,3
1553,9,Retrieval,Base,3
1554,9,Retrieval,Base,0
1555,9,Retrieval,Base,0
1556,9,Retrieval,Base,0
1557,9,Retrieval,Base,0
1558,9,Retrieval,Base,0
1559,9,Retrieval,Base,0
1560,9,Retrieval,Base,0
1561,9,Retrieval,Base,0
1562,9,Retrieval,Base,1
1563,9,Retrieval,Base,0
1564,9,Retrieval,Base,1
1565,9,Retrieval,Base,0
1566,9,Retrieval,Base,0
1567,9,Retrieval,Base,1
1668,10,Retrieval,Base,2
1669,10,Retrieval,Base,0
1670,10,Retrieval,Base,2
1671,10,Retrieval,Base,1
1672,10,Retrieval,SW_Hall,0
1673,10,Retrieval,SW_Hall,0
1674,10,Retrieval,SW_Hall,0
1675,10,Retrieval,SW_Hall,0
1676,10,Retrieval,SW_Hall,0
1677,10,Retrieval,SW_Hall,1
1678,10,Retrieval,SW_Hall,0
1679,10,Retrieval,SW_Hall,0
1680,10,Retrieval,SW_Hall,1
1681,10,Retrieval,SW_Hall,0
1682,10,Retrieval,SW_Hall,0
1683,10,Retrieval,SW_Room,0
1684,10,Retrieval,SW_Room,0
1685,10,Retrieval,SW_Room,0
1686,10,Retrieval,SW_Room,0
1687,10,Retrieval,C_Hall,2
1688,10,Retrieval,C_Hall,3
1689,10,Retrieval,C_Hall,2
1690,10,Retrieval,C_Hall,0
1691,10,Retrieval,NW_Room,0
1692,10,Retrieval,NW_Room,3
1693,10,Retrieval,NW_Room,0
1694,10,Retrieval,NW_Hall,0
1695,10,Retrieval,NW_Hall,1
1696,10,Retrieval,NW_Hall,1
1697,10,Retrieval,NW_Hall,3
1698,10,Retrieval,NW_Hall,0
1699,10,Retrieval,NW_Hall,2
1700,10,Retrieval,NW_Hall,4
1701,10,Retrieval,N_Passage,3
1702,10,Retrieval,NE_Hall,0
1703,10,Retrieval,NE_Hall,2
1704,10,Retrieval,NE_Hall,2
1705,10,Retrieval,NE_Hall,0
1706,10,Retrieval,NE_Hall,2
1707,10,Retrieval,NE_Hall,0
1708,10,Retrieval,NE_Hall,0
1709,10,Retrieval,NE_Hall,0
1710,10,Retrieval,NE_Room,1
1711,10,Retrieval,NE_Room,1
1712,10,Retrieval,NE_Room,0
1713,10,Retrieval,NE_Room,0
1714,10,Retrieval,NE_Room,0
1715,10,Retrieval,NE_Room,1
1716,10,Retrieval,NE_Room,0
1717,10,Retrieval,NE_Room,0
1718,10,Retrieval,NE_Room,0
1719,10,Retrieval,NE_Hall,0
1720,10,Retrieval,NE_Hall,1
1721,10,Retrieval,NE_Hall,0
1722,10,Retrieval,NE_Hall,0
1723,10,Retrieval,NE_Hall,0
1724,10,Retrieval,NE_Hall,2
1725,10,Retrieval,NE_Hall,3
1726,10,Retrieval,NE_Hall,0
1727,10,Retrieval,NE_Hall,1
1842,11,Retrieval,Base,5
1843,11,Retrieval,Base,3
1844,11,Retrieval,Base,3
1845,11,Retrieval,Base,3
1846,11,Retrieval,S_Passage,0
1847,11,Retrieval,S_Passage,2
1848,11,Retrieval,S_Passage,2
1849,11,Retrieval,S_Passage,0
1850,11,Retrieval,C_Hall,1
1851,11,Retrieval,C_Hall,0
1852,11,Retrieval,C_Hall,0
1853,11,Retrieval,NE_Room,0
1854,11,Retrieval,NE_Room,0
1855,11,Retrieval,NE_Room,1
1856,11,Retrieval,NE_Room,0
1857,11,Retrieval,NE_Room,1
1858,11,Retrieval,NE_Hall,0
1859,11,Retrieval,NE_Hall,0
1860,11,Retrieval,NE_Hall,0
1861,11,Retrieval,NE_Hall,1
1862,11,Retrieval,NE_Hall,0
1863,11,Retrieval,NE_Hall,0
1864,11,Retrieval,NE_Hall,0
1865,11,Retrieval,N_Passage,0
1866,11,Retrieval,NW_Hall,0
1867,11,Retrieval,NW_Hall,0
1868,11,Retrieval,NW_Hall,0
1869,11,Retrieval,NW_Hall,0
1870,11,Retrieval,NW_Hall,1
1871,11,Retrieval,NW_Hall,0
1872,11,Retrieval,NW_Hall,1
1873,11,Retrieval,NW_Hall,1
1874,11,Retrieval,NW_Room,0
1875,11,Retrieval,NW_Room,2
1876,11,Retrieval,NW_Room,0
1877,11,Retrieval,NW_Room,0
1878,11,Retrieval,NW_Room,1
1879,11,Retrieval,NW_Room,0
1880,11,Retrieval,C_Hall,1
1881,11,Retrieval,C_Hall,2
1882,11,Retrieval,SW_Room,0
1883,11,Retrieval,SW_Room,1
1884,11,Retrieval,SW_Room,1
1885,11,Retrieval,SW_Hall,0
1886,11,Retrieval,SW_Hall,0
1887,11,Retrieval,SW_Hall,0
1888,11,Retrieval,SW_Hall,0
1889,11,Retrieval,SW_Hall,1
1890,11,Retrieval,SW_Hall,0
1891,11,Retrieval,Base,0
1892,11,Retrieval,Base,0
1893,11,Retrieval,Base,0
1894,11,Retrieval,Base,0
1895,11,Retrieval,Base,0
1896,11,Retrieval,Base,1
1897,11,Retrieval,Base,0
1898,11,Retrieval,Base,0
1899,11,Retrieval,Base,0
1900,11,Retrieval,Base,0
1901,11,Retrieval,Base,0
2005,12,Retrieval,Base,0
2006,12,Retrieval,Base,0
2007,12,Retrieval,Base,0
2008,12,Retrieval,Base,2
2009,12,Retrieval,SE_Hall,0
2010,12,Retrieval,SE_Hall,0
2011,12,Retrieval,SE_Hall,0
2012,12,Retrieval,SE_Hall,0
2013,12,Retrieval,SE_Hall,0
2014,12,Retrieval,SE_Room,0
2015,12,Retrieval,SE_Room,0
2016,12,Retrieval,SE_Room,0
2017,12,Retrieval,C_Hall,1
2018,12,Retrieval,C_Hall,1
2019,12,Retrieval,NE_Room,3
2020,12,Retrieval,NE_Room,0
2021,12,Retrieval,NE_Room,0
2022,12,Retrieval,NE_Hall,1
2023,12,Retrieval,NE_Hall,2
2024,12,Retrieval,NE_Hall,2
2025,12,Retrieval,NE_Hall,3
2026,12,Retrieval,NE_Hall,1
2027,12,Retrieval,NE_Hall,0
2028,12,Retrieval,NE_Hall,1
2029,12,Retrieval,NE_Hall,1
2030,12,Retrieval,NE_Hall,1
2031,12,Retrieval,NE_Hall,1
2032,12,Retrieval,NE_Hall,2
2033,12,Retrieval,NE_Hall,0
2034,12,Retrieval,NE_Hall,3
2035,12,Retrieval,NE_Hall,2
2036,12,Retrieval,NE_Hall,0
2037,12,Retrieval,NE_Hall,1
2038,12,Retrieval,NE_Hall,1
2039,12,Retrieval,NE_Hall,0
2040,12,Retrieval,N_Passage,0
2041,12,Retrieval,NW_Hall,1
2042,12,Retrieval,NW_Hall,2
2043,12,Retrieval,NW_Hall,1
2044,12,Retrieval,NW_Hall,0
2045,12,Retrieval,NW_Hall,1
2046,12,Retrieval,NW_Hall,2
2047,12,Retrieval,NW_Hall,1
2048,12,Retrieval,NW_Hall,3
2049,12,Retrieval,NW_Room,2
2050,12,Retrieval,NW_Room,0
2051,12,Retrieval,NW_Room,0
2052,12,Retrieval,NW_Room,2
2053,12,Retrieval,NW_Room,1
2054,12,Retrieval,NW_Room,0
2055,12,Retrieval,C_Hall,0
2056,12,Retrieval,C_Hall,0
2057,12,Retrieval,SW_Room,0
2058,12,Retrieval,SW_Room,0
2059,12,Retrieval,SW_Room,2
2060,12,Retrieval,SW_Room,1
2061,12,Retrieval,SW_Room,3
2062,12,Retrieval,SW_Room,1
2063,12,Retrieval,SW_Hall,0
2064,12,Retrieval,SW_Room,0
2173,13,Retrieval,Base,1
2174,13,Retrieval,Base,3
2175,13,Retrieval,Base,0
2176,13,Retrieval,Base,0
2177,13,Retrieval,SW_Hall,0
2178,13,Retrieval,SW_Hall,0
2179,13,Retrieval,SW_Hall,2
2180,13,Retrieval,SW_Hall,2
2181,13,Retrieval,SW_Hall,2
2182,13,Retrieval,SW_Hall,3
2183,13,Retrieval,SW_Room,2
2184,13,Retrieval,SW_Room,1
2185,13,Retrieval,SW_Room,0
2186,13,Retrieval,C_Hall,1
2187,13,Retrieval,C_Hall,0
2188,13,Retrieval,NW_Room,0
2189,13,Retrieval,NW_Room,1
2190,13,Retrieval,NW_Room,3
2191,13,Retrieval,NW_Room,0
2192,13,Retrieval,NW_Room,1
2193,13,Retrieval,NW_Room,0
2194,13,Retrieval,NW_Room,0
2195,13,Retrieval,NW_Room,0
2196,13,Retrieval,NW_Hall,0
2197,13,Retrieval,NW_Hall,0
2198,13,Retrieval,NW_Hall,1
2199,13,Retrieval,NW_Hall,2
2200,13,Retrieval,NW_Hall,0
2201,13,Retrieval,NW_Hall,0
2202,13,Retrieval,NW_Hall,2
2203,13,Retrieval,NW_Hall,1
2204,13,Retrieval,NW_Hall,0
2205,13,Retrieval,N_Passage,0
2206,13,Retrieval,NE_Hall,3
2207,13,Retrieval,NE_Hall,3
2208,13,Retrieval,NE_Hall,0
2209,13,Retrieval,NE_Hall,3
2210,13,Retrieval,NE_Hall,1
2211,13,Retrieval,NE_Hall,0
2212,13,Retrieval,NE_Room,0
2213,13,Retrieval,NE_Room,1
2214,13,Retrieval,NE_Room,0
2215,13,Retrieval,NE_Room,0
2216,13,Retrieval,NE_Room,2
2217,13,Retrieval,NE_Room,1
2218,13,Retrieval,NE_Room,0
2219,13,Retrieval,NE_Room,2
2220,13,Retrieval,NE_Room,1
2221,13,Retrieval,NE_Room,0
2222,13,Retrieval,C_Hall,2
2223,13,Retrieval,SE_Room,1
2224,13,Retrieval,SE_Room,1
2225,13,Retrieval,SE_Room,2
2226,13,Retrieval,SE_Room,1
2227,13,Retrieval,SE_Room,2
2228,13,Retrieval,SE_Room,4
2229,13,Retrieval,SE_Hall,2
2230,13,Retrieval,SE_Hall,6
2231,13,Retrieval,SE_Hall,1
2232,13,Retrieval,SE_Hall,0
2348,14,Retrieval,Base,0
2349,14,Retrieval,Base,0
2350,14,Retrieval,Base,0
2351,14,Retrieval,Base,2
2352,14,Retrieval,Base,4
2353,14,Retrieval,SE_Hall,2
2354,14,Retrieval,SE_Hall,0
2355,14,Retrieval,SE_Hall,0
2356,14,Retrieval,SE_Hall,1
2357,14,Retrieval,SE_Room,4
2358,14,Retrieval,SE_Room,1
2359,14,Retrieval,SE_Room,1
2360,14,Retrieval,SE_Room,2
2361,14,Retrieval,SE_Room,1
2362,14,Retrieval,C_Hall,2
2363,14,Retrieval,C_Hall,1
2364,14,Retrieval,C_Hall,1
2365,14,Retrieval,C_Hall,0
2366,14,Retrieval,C_Hall,0
2367,14,Retrieval,C_Hall,2
2368,14,Retrieval,C_Hall,0
2369,14,Retrieval,C_Hall,0
2370,14,Retrieval,C_Hall,0
2371,14,Retrieval,C_Hall,5
2372,14,Retrieval,C_Hall,2
2373,14,Retrieval,C_Hall,0
2374,14,Retrieval,C_Hall,2
2375,14,Retrieval,C_Hall,0
2376,14,Retrieval,N_Passage,1
2377,14,Retrieval,N_Passage,2
2378,14,Retrieval,N_Passage,1
2379,14,Retrieval,N_Passage,0
2380,14,Retrieval,N_Passage,0
2381,14,Retrieval,NW_Hall,4
2382,14,Retrieval,NW_Hall,2
2383,14,Retrieval,NW_Hall,4
2384,14,Retrieval,NW_Hall,0
2385,14,Retrieval,NW_Hall,0
2386,14,Retrieval,NW_Hall,0
2387,14,Retrieval,NW_Hall,0
2388,14,Retrieval,NW_Room,0
2389,14,Retrieval,NW_Room,0
2390,14,Retrieval,NW_Room,0
2391,14,Retrieval,C_Hall,1
2392,14,Retrieval,C_Hall,3
2393,14,Retrieval,SW_Room,5
2394,14,Retrieval,SW_Room,1
2395,14,Retrieval,SW_Room,1
2396,14,Retrieval,SW_Room,0
2397,14,Retrieval,SW_Room,0
2398,14,Retrieval,SW_Room,2
2399,14,Retrieval,SW_Room,3
2400,14,Retrieval,SW_Hall,2
2401,14,Retrieval,SW_Hall,0
2402,14,Retrieval,SW_Hall,0
2403,14,Retrieval,SW_Hall,1
2404,14,Retrieval,SW_Hall,0
2405,14,Retrieval,SW_Hall,0
2406,14,Retrieval,SW_Hall,0
2407,14,Retrieval,SW_Hall,0
2512,15,Retrieval,Base,0
2513,15,Retrieval,Base,0
2514,15,Retrieval,Base,0
2515,15,Retrieval,Base,1
2516,15,Retrieval,Base,1
2517,15,Retrieval,SE_Hall,2
2518,15,Retrieval,SE_Hall,0
2519,15,Retrieval,SE_Hall,0
2520,15,Retrieval,SE_Hall,1
2521,15,Retrieval,SE_Hall,0
2522,15,Retrieval,SE_Hall,0
2523,15,Retrieval,SE_Hall,1
2524,15,Retrieval,SE_Hall,1
2525,15,Retrieval,SE_Hall,3
2526,15,Retrieval,SE_Hall,1
2527,15,Retrieval,SE_Hall,3
2528,15,Retrieval,SE_Hall,2
2529,15,Retrieval,SE_Room,2
2530,15,Retrieval,SE_Room,2
2531,15,Retrieval,SE_Room,1
2532,15,Retrieval,C_Hall,1
2533,15,Retrieval,C_Hall,0
2534,15,Retrieval,NE_Room,0
2535,15,Retrieval,NE_Room,0
2536,15,Retrieval,NE_Room,1
2537,15,Retrieval,NE_Room,0
2538,15,Retrieval,NE_Room,0
2539,15,Retrieval,NE_Room,0
2540,15,Retrieval,NE_Room,0
2541,15,Retrieval,NE_Room,0
2542,15,Retrieval,NE_Room,0
2543,15,Retrieval,NE_Room,0
2544,15,Retrieval,NE_Room,0
2545,15,Retrieval,NE_Room,0
2546,15,Retrieval,NE_Room,2
2547,15,Retrieval,NE_Room,2
2548,15,Retrieval,NE_Room,0
2549,15,Retrieval,NE_Room,3
2550,15,Retrieval,NE_Room,0
2551,15,Retrieval,NE_Hall,3
2552,15,Retrieval,NE_Hall,3
2553,15,Retrieval,NE_Hall,0
2554,15,Retrieval,NE_Hall,0
2555,15,Retrieval,NE_Hall,1
2556,15,Retrieval,NE_Hall,0
2557,15,Retrieval,NE_Hall,0
2558,15,Retrieval,N_Passage,1
2559,15,Retrieval,NW_Hall,5
2560,15,Retrieval,NW_Hall,1
2561,15,Retrieval,NW_Hall,0
2562,15,Retrieval,NW_Hall,0
2563,15,Retrieval,NW_Hall,1
2564,15,Retrieval,NW_Hall,1
2565,15,Retrieval,NW_Hall,1
2566,15,Retrieval,NW_Room,2
2567,15,Retrieval,NW_Room,0
2568,15,Retrieval,NW_Room,1
2569,15,Retrieval,NW_Room,1
2570,15,Retrieval,NW_Room,0
2571,15,Retrieval,NW_Room,0
2688,16,Retrieval,Base,0
2689,16,Retrieval,Base,0
2690,16,Retrieval,Base,0
2691,16,Retrieval,Base,1
2692,16,Retrieval,S_Passage,3
2693,16,Retrieval,S_Passage,2
2694,16,Retrieval,S_Passage,1
2695,16,Retrieval,S_Passage,0
2696,16,Retrieval,S_Passage,0
2697,16,Retrieval,S_Passage,0
2698,16,Retrieval,C_Hall,0
2699,16,Retrieval,C_Hall,1
2700,16,Retrieval,C_Hall,0
2701,16,Retrieval,C_Hall,0
2702,16,Retrieval,C_Hall,0
2703,16,Retrieval,C_Hall,2
2704,16,Retrieval,C_Hall,0
2705,16,Retrieval,SE_Room,3
2706,16,Retrieval,SE_Room,1
2707,16,Retrieval,SE_Room,0
2708,16,Retrieval,SE_Room,2
2709,16,Retrieval,SE_Hall,0
2710,16,Retrieval,SE_Hall,1
2711,16,Retrieval,SE_Hall,0
2712,16,Retrieval,SE_Hall,1
2713,16,Retrieval,SE_Hall,0
2714,16,Retrieval,SE_Hall,0
2715,16,Retrieval,SE_Hall,1
2716,16,Retrieval,SE_Room,3
2717,16,Retrieval,SE_Room,1
2718,16,Retrieval,SE_Room,0
2719,16,Retrieval,SE_Room,2
2720,16,Retrieval,C_Hall,3
2721,16,Retrieval,NE_Room,3
2722,16,Retrieval,NE_Room,0
2723,16,Retrieval,NE_Room,2
2724,16,Retrieval,NE_Room,0
2725,16,Retrieval,NE_Hall,0
2726,16,Retrieval,NE_Hall,1
2727,16,Retrieval,NE_Hall,1
2728,16,Retrieval,NE_Hall,1
2729,16,Retrieval,NE_Hall,0
2730,16,Retrieval,NE_Hall,0
2731,16,Retrieval,N_Passage,2
2732,16,Retrieval,NW_Hall,2
2733,16,Retrieval,NW_Hall,2
2734,16,Retrieval,NW_Hall,0
2735,16,Retrieval,NW_Hall,0
2736,16,Retrieval,NW_Hall,4
2737,16,Retrieval,NW_Hall,2
2738,16,Retrieval,NW_Room,8
2739,16,Retrieval,NW_Room,2
2740,16,Retrieval,NW_Room,1
2741,16,Retrieval,NW_Room,0
2742,16,Retrieval,NW_Room,0
2743,16,Retrieval,NW_Room,1
2744,16,Retrieval,NW_Room,1
2745,16,Retrieval,NW_Room,3
2746,16,Retrieval,NW_Room,3
2747,16,Retrieval,NW_Room,0
2867,17,Retrieval,Base,1
2868,17,Retrieval,Base,0
2869,17,Retrieval,Base,0
2870,17,Retrieval,Base,2
2871,17,Retrieval,Base,2
2872,17,Retrieval,S_Passage,0
2873,17,Retrieval,S_Passage,0
2874,17,Retrieval,S_Passage,0
2875,17,Retrieval,C_Hall,1
2876,17,Retrieval,C_Hall,2
2877,17,Retrieval,C_Hall,1
2878,17,Retrieval,C_Hall,0
2879,17,Retrieval,C_Hall,0
2880,17,Retrieval,C_Hall,3
2881,17,Retrieval,C_Hall,0
2882,17,Retrieval,C_Hall,2
2883,17,Retrieval,C_Hall,2
2884,17,Retrieval,C_Hall,0
2885,17,Retrieval,SE_Room,0
2886,17,Retrieval,SE_Room,0
2887,17,Retrieval,SE_Room,1
2888,17,Retrieval,SE_Room,2
2889,17,Retrieval,SE_Room,1
2890,17,Retrieval,SE_Room,0
2891,17,Retrieval,SE_Room,1
2892,17,Retrieval,SE_Room,0
2893,17,Retrieval,SE_Room,0
2894,17,Retrieval,C_Hall,1
2895,17,Retrieval,C_Hall,0
2896,17,Retrieval,C_Hall,0
2897,17,Retrieval,C_Hall,0
2898,17,Retrieval,NE_Room,3
2899,17,Retrieval,NE_Room,3
2900,17,Retrieval,NE_Room,0
2901,17,Retrieval,NE_Room,0
2902,17,Retrieval,NE_Room,0
2903,17,Retrieval,NE_Room,0
2904,17,Retrieval,NE_Room,1
2905,17,Retrieval,NE_Hall,0
2906,17,Retrieval,NE_Hall,0
2907,17,Retrieval,NE_Hall,0
2908,17,Retrieval,NE_Hall,1
2909,17,Retrieval,NE_Hall,0
2910,17,Retrieval,NE_Hall,0
2911,17,Retrieval,N_Passage,0
2912,17,Retrieval,NW_Hall,2
2913,17,Retrieval,NW_Hall,0
2914,17,Retrieval,NW_Hall,1
2915,17,Retrieval,NW_Hall,0
2916,17,Retrieval,NW_Hall,1
2917,17,Retrieval,NW_Hall,1
2918,17,Retrieval,NW_Hall,0
2919,17,Retrieval,NW_Room,3
2920,17,Retrieval,NW_Room,2
2921,17,Retrieval,NW_Room,3
2922,17,Retrieval,NW_Room,7
2923,17,Retrieval,NW_Room,1
2924,17,Retrieval,NW_Room,4
2925,17,Retrieval,NW_Room,2
2926,17,Retrieval,NW_Room,2
3040,18,Retrieval,Base,0
3041,18,Retrieval,Base,1
3042,18,Retrieval,Base,0
3043,18,Retrieval,Base,0
3044,18,Retrieval,Base,1
3045,18,Retrieval,Base,1
3046,18,Retrieval,SW_Hall,0
3047,18,Retrieval,SW_Hall,0
3048,18,Retrieval,SW_Hall,0
3049,18,Retrieval,SW_Hall,0
3050,18,Retrieval,SW_Room,3
3051,18,Retrieval,SW_Room,0
3052,18,Retrieval,SW_Room,1
3053,18,Retrieval,SW_Room,0
3054,18,Retrieval,C_Hall,0
3055,18,Retrieval,C_Hall,1
3056,18,Retrieval,C_Hall,1
3057,18,Retrieval,C_Hall,0
3058,18,Retrieval,C_Hall,2
3059,18,Retrieval,C_Hall,0
3060,18,Retrieval,C_Hall,0
3061,18,Retrieval,C_Hall,0
3062,18,Retrieval,C_Hall,0
3063,18,Retrieval,C_Hall,0
3064,18,Retrieval,N_Passage,1
3065,18,Retrieval,N_Passage,3
3066,18,Retrieval,N_Passage,0
3067,18,Retrieval,N_Passage,1
3068,18,Retrieval,N_Passage,0
3069,18,Retrieval,N_Passage,1
3070,18,Retrieval,N_Passage,0
3071,18,Retrieval,N_Passage,1
3072,18,Retrieval,N_Passage,2
3073,18,Retrieval,C_Hall,0
3074,18,Retrieval,C_Hall,1
3075,18,Retrieval,C_Hall,0
3076,18,Retrieval,C_Hall,0
3077,18,Retrieval,C_Hall,0
3078,18,Retrieval,S_Passage,0
3079,18,Retrieval,S_Passage,4
3080,18,Retrieval,C_Hall,4
3081,18,Retrieval,C_Hall,0
3082,18,Retrieval,C_Hall,0
3083,18,Retrieval,SE_Room,0
3084,18,Retrieval,SE_Room,0
3085,18,Retrieval,SE_Room,2
3086,18,Retrieval,SE_Room,0
3087,18,Retrieval,SE_Room,2
3088,18,Retrieval,SE_Hall,0
3089,18,Retrieval,SE_Hall,0
3090,18,Retrieval,SE_Hall,0
3091,18,Retrieval,SE_Hall,0
3092,18,Retrieval,SE_Hall,0
3093,18,Retrieval,Base,1
3094,18,Retrieval,Base,0
3095,18,Retrieval,Base,0
3096,18,Retrieval,Base,0
3097,18,Retrieval,Base,0
3098,18,Retrieval,Base,0
3099,18,Retrieval,Base,0
3200,19,Retrieval,Base,0
3201,19,Retrieval,Base,0
3202,19,Retrieval,Base,0
3203,19,Retrieval,Base,0
3204,19,Retrieval,SW_Hall,0
3205,19,Retrieval,SW_Hall,0
3206,19,Retrieval,SW_Hall,0
3207,19,Retrieval,SW_Hall,1
3208,19,Retrieval,SW_Hall,0
3209,19,Retrieval,SW_Hall,2
3210,19,Retrieval,SW_Room,3
3211,19,Retrieval,SW_Room,1
3212,19,Retrieval,SW_Room,1
3213,19,Retrieval,SW_Room,5
3214,19,Retrieval,SW_Room,0
3215,19,Retrieval,SW_Room,2
3216,19,Retrieval,SW_Room,1
3217,19,Retrieval,SW_Room,1
3218,19,Retrieval,SW_Room,0
3219,19,Retrieval,SW_Room,0
3220,19,Retrieval,SW_Room,0
3221,19,Retrieval,SW_Room,2
3222,19,Retrieval,SW_Room,5
3223,19,Retrieval,SW_Room,3
3224,19,Retrieval,SW_Room,2
3225,19,Retrieval,SW_Room,1
3226,19,Retrieval,SW_Room,0
3227,19,Retrieval,SW_Room,1
3228,19,Retrieval,SW_Room,0
3229,19,Retrieval,SW_Room,1
3230,19,Retrieval,SW_Room,0
3231,19,Retrieval,C_Hall,3
3232,19,Retrieval,C_Hall,2
3233,19,Retrieval,NW_Room,1
3234,19,Retrieval,NW_Room,0
3235,19,Retrieval,NW_Room,0
3236,19,Retrieval,NW_Room,1
3237,19,Retrieval,NW_Room,1
3238,19,Retrieval,NW_Room,0
3239,19,Retrieval,NW_Room,1
3240,19,Retrieval,NW_Hall,4
3241,19,Retrieval,NW_Hall,0
3242,19,Retrieval,NW_Hall,0
3243,19,Retrieval,NW_Hall,0
3244,19,Retrieval,NW_Hall,0
3245,19,Retrieval,NW_Hall,1
3246,19,Retrieval,N_Passage,0
3247,19,Retrieval,N_Passage,0
3248,19,Retrieval,NE_Hall,0
3249,19,Retrieval,NE_Hall,1
3250,19,Retrieval,NE_Hall,1
3251,19,Retrieval,NE_Hall,0
3252,19,Retrieval,NE_Hall,0
3253,19,Retrieval,NE_Hall,0
3254,19,Retrieval,NE_Hall,0
3255,19,Retrieval,NE_Room,0
3256,19,Retrieval,NE_Room,0
3257,19,Retrieval,NE_Room,0
3258,19,Retrieval,NE_Room,0
3259,19,Retrieval,NE_Room,1
3390,20,Retrieval,Base,0
3391,20,Retrieval,Base,0
3392,20,Retrieval,Base,1
3393,20,Retrieval,Base,0
3394,20,Retrieval,S_Passage,0
3395,20,Retrieval,S_Passage,2
3396,20,Retrieval,S_Passage,1
3397,20,Retrieval,C_Hall,1
3398,20,Retrieval,C_Hall,0
3399,20,Retrieval,C_Hall,0
3400,20,Retrieval,C_Hall,1
3401,20,Retrieval,C_Hall,0
3402,20,Retrieval,S_Passage,1
3403,20,Retrieval,S_Passage,3
3404,20,Retrieval,S_Passage,0
3405,20,Retrieval,S_Passage,0
3406,20,Retrieval,S_Passage,1
3407,20,Retrieval,C_Hall,1
3408,20,Retrieval,N_Passage,0
3409,20,Retrieval,N_Passage,0
3410,20,Retrieval,N_Passage,1
3411,20,Retrieval,N_Passage,0
3412,20,Retrieval,N_Passage,1
3413,20,Retrieval,N_Passage,0
3414,20,Retrieval,N_Passage,0
3415,20,Retrieval,N_Passage,2
3416,20,Retrieval,N_Passage,2
3417,20,Retrieval,N_Passage,2
3418,20,Retrieval,N_Passage,0
3419,20,Retrieval,N_Passage,0
3420,20,Retrieval,N_Passage,0
3421,20,Retrieval,NE_Hall,0
3422,20,Retrieval,NE_Hall,0
3423,20,Retrieval,NE_Hall,0
3424,20,Retrieval,NE_Hall,1
3425,20,Retrieval,NE_Hall,0
3426,20,Retrieval,NE_Hall,1
3427,20,Retrieval,NE_Hall,1
3428,20,Retrieval,NE_Hall,1
3429,20,Retrieval,NE_Hall,0
3430,20,Retrieval,NE_Room,0
3431,20,Retrieval,NE_Room,0
3432,20,Retrieval,NE_Room,1
3433,20,Retrieval,NE_Room,1
3434,20,Retrieval,NE_Room,1
3435,20,Retrieval,NE_Room,0
3436,20,Retrieval,NE_Room,0
3437,20,Retrieval,NE_Room,2
3438,20,Retrieval,NE_Room,1
3439,20,Retrieval,NE_Room,3
3440,20,Retrieval,NE_Room,2
3441,20,Retrieval,NE_Room,0
3442,20,Retrieval,NE_Room,1
3443,20,Retrieval,C_Hall,0
3444,20,Retrieval,C_Hall,0
3445,20,Retrieval,SE_Room,0
3446,20,Retrieval,SE_Room,0
3447,20,Retrieval,SE_Room,0
3448,20,Retrieval,SE_Room,1
3449,20,Retrieval,SE_Room,1
3557,21,Retrieval,Base,5
3558,21,Retrieval,Base,3
3559,21,Retrieval,Base,1
3560,21,Retrieval,Base,0
3561,21,Retrieval,Base,0
3562,21,Retrieval,SE_Hall,0
3563,21,Retrieval,SE_Hall,0
3564,21,Retrieval,SE_Hall,1
3565,21,Retrieval,SE_Hall,2
3566,21,Retrieval,SE_Hall,4
3567,21,Retrieval,SE_Hall,4
3568,21,Retrieval,SE_Hall,1
3569,21,Retrieval,SE_Hall,7
3570,21,Retrieval,SE_Hall,6
3571,21,Retrieval,SE_Hall,1
3572,21,Retrieval,SE_Hall,0
3573,21,Retrieval,SE_Hall,2
3574,21,Retrieval,SE_Hall,1
3575,21,Retrieval,SE_Hall,2
3576,21,Retrieval,SE_Hall,2
3577,21,Retrieval,SE_Hall,0
3578,21,Retrieval,SE_Room,1
3579,21,Retrieval,SE_Room,0
3580,21,Retrieval,SE_Room,1
3581,21,Retrieval,SE_Room,0
3582,21,Retrieval,SE_Room,0
3583,21,Retrieval,C_Hall,1
3584,21,Retrieval,C_Hall,0
3585,21,Retrieval,NE_Room,1
3586,21,Retrieval,NE_Room,0
3587,21,Retrieval,NE_Room,0
3588,21,Retrieval,NE_Room,2
3589,21,Retrieval,NE_Hall,4
3590,21,Retrieval,NE_Hall,0
3591,21,Retrieval,NE_Hall,1
3592,21,Retrieval,NE_Hall,1
3593,21,Retrieval,NE_Hall,3
3594,21,Retrieval,NE_Hall,0
3595,21,Retrieval,N_Passage,1
3596,21,Retrieval,NW_Hall,0
3597,21,Retrieval,N_Passage,0
3598,21,Retrieval,N_Passage,0
3599,21,Retrieval,N_Passage,1
3600,21,Retrieval,N_Passage,4
3601,21,Retrieval,N_Passage,2
3602,21,Retrieval,N_Passage,1
3603,21,Retrieval,N_Passage,0
3604,21,Retrieval,N_Passage,0
3605,21,Retrieval,N_Passage,1
3606,21,Retrieval,N_Passage,3
3607,21,Retrieval,N_Passage,0
3608,21,Retrieval,NW_Hall,0
3609,21,Retrieval,NW_Hall,0
3610,21,Retrieval,NW_Hall,0
3611,21,Retrieval,NW_Hall,0
3612,21,Retrieval,NW_Hall,0
3613,21,Retrieval,NW_Hall,0
3614,21,Retrieval,NW_Room,1
3615,21,Retrieval,NW_Room,1
3616,21,Retrieval,NW_Room,0
3731,22,Retrieval,Base,0
3732,22,Retrieval,Base,2
3733,22,Retrieval,Base,0
3734,22,Retrieval,Base,0
3735,22,Retrieval,SW_Hall,7
3736,22,Retrieval,SW_Hall,3
3737,22,Retrieval,SW_Hall,2
3738,22,Retrieval,SW_Hall,1
3739,22,Retrieval,SW_Hall,0
3740,22,Retrieval,SW_Hall,0
3741,22,Retrieval,SW_Hall,1
3742,22,Retrieval,SW_Hall,4
3743,22,Retrieval,SW_Hall,1
3744,22,Retrieval,SW_Hall,1
3745,22,Retrieval,SW_Hall,1
3746,22,Retrieval,SW_Room,1
3747,22,Retrieval,SW_Room,0
3748,22,Retrieval,SW_Room,0
3749,22,Retrieval,SW_Room,0
3750,22,Retrieval,C_Hall,3
3751,22,Retrieval,C_Hall,0
3752,22,Retrieval,C_Hall,0
3753,22,Retrieval,C_Hall,0
3754,22,Retrieval,C_Hall,0
3755,22,Retrieval,NW_Room,1
3756,22,Retrieval,NW_Room,2
3757,22,Retrieval,NW_Room,0
3758,22,Retrieval,NW_Room,0
3759,22,Retrieval,NW_Hall,2
3760,22,Retrieval,NW_Hall,0
3761,22,Retrieval,NW_Hall,1
3762,22,Retrieval,NW_Hall,0
3763,22,Retrieval,NW_Hall,0
3764,22,Retrieval,NW_Hall,0
3765,22,Retrieval,NW_Hall,0
3766,22,Retrieval,N_Passage,0
3767,22,Retrieval,N_Passage,0
3768,22,Retrieval,NE_Hall,1
3769,22,Retrieval,NE_Hall,0
3770,22,Retrieval,NE_Hall,0
3771,22,Retrieval,NE_Hall,0
3772,22,Retrieval,NE_Hall,0
3773,22,Retrieval,NE_Hall,0
3774,22,Retrieval,NE_Hall,2
3775,22,Retrieval,NE_Hall,1
3776,22,Retrieval,NE_Room,1
3777,22,Retrieval,NE_Room,3
3778,22,Retrieval,NE_Room,2
3779,22,Retrieval,NE_Room,1
3780,22,Retrieval,NE_Room,0
3781,22,Retrieval,NE_Room,0
3782,22,Retrieval,NE_Room,0
3783,22,Retrieval,NE_Room,0
3784,22,Retrieval,NE_Room,2
3785,22,Retrieval,NE_Room,2
3786,22,Retrieval,NE_Room,0
3787,22,Retrieval,NE_Room,0
3788,22,Retrieval,NE_Room,1
3789,22,Retrieval,NE_Room,1
3790,22,Retrieval,C_Hall,0
3901,23,Retrieval,Base,0
3902,23,Retrieval,Base,0
3903,23,Retrieval,Base,1
3904,23,Retrieval,Base,0
3905,23,Retrieval,SE_Hall,0
3906,23,Retrieval,SE_Hall,2
3907,23,Retrieval,SE_Hall,0
3908,23,Retrieval,SE_Hall,0
3909,23,Retrieval,SE_Hall,2
3910,23,Retrieval,SE_Hall,0
3911,23,Retrieval,SE_Hall,0
3912,23,Retrieval,SE_Room,0
3913,23,Retrieval,SE_Room,0
3914,23,Retrieval,SE_Room,0
3915,23,Retrieval,SE_Room,0
3916,23,Retrieval,C_Hall,1
3917,23,Retrieval,NE_Room,3
3918,23,Retrieval,NE_Room,0
3919,23,Retrieval,NE_Room,0
3920,23,Retrieval,NE_Room,0
3921,23,Retrieval,NE_Room,0
3922,23,Retrieval,NE_Room,0
3923,23,Retrieval,NE_Room,0
3924,23,Retrieval,NE_Room,0
3925,23,Retrieval,NE_Room,0
3926,23,Retrieval,NE_Room,0
3927,23,Retrieval,C_Hall,0
3928,23,Retrieval,C_Hall,0
3929,23,Retrieval,C_Hall,2
3930,23,Retrieval,C_Hall,0
3931,23,Retrieval,C_Hall,0
3932,23,Retrieval,C_Hall,1
3933,23,Retrieval,S_Passage,0
3934,23,Retrieval,S_Passage,1
3935,23,Retrieval,S_Passage,1
3936,23,Retrieval,Base,0
3937,23,Retrieval,Base,0
3938,23,Retrieval,Base,0
3939,23,Retrieval,Base,0
3940,23,Retrieval,Base,0
3941,23,Retrieval,Base,0
3942,23,Retrieval,Base,0
3943,23,Retrieval,Base,0
3944,23,Retrieval,Base,0
3945,23,Retrieval,Base,0
3946,23,Retrieval,Base,1
3947,23,Retrieval,Base,1
3948,23,Retrieval,Base,3
3949,23,Retrieval,Base,0
3950,23,Retrieval,Base,1
3951,23,Retrieval,Base,5
3952,23,Retrieval,Base,1
3953,23,Retrieval,Base,0
3954,23,Retrieval,Base,0
3955,23,Retrieval,Base,0
3956,23,Retrieval,Base,2
3957,23,Retrieval,Base,2
3958,23,Retrieval,Base,1
3959,23,Retrieval,Base,1
3960,23,Retrieval,Base,1
4072,24,Retrieval,Base,0
4073,24,Retrieval,Base,0
4074,24,Retrieval,Base,1
4075,24,Retrieval,Base,6
4076,24,Retrieval,Base,2
4077,24,Retrieval,Base,0
4078,24,Retrieval,Base,2
4079,24,Retrieval,Base,2
4080,24,Retrieval,S_Passage,0
4081,24,Retrieval,S_Passage,3
4082,24,Retrieval,S_Passage,1
4083,24,Retrieval,C_Hall,2
4084,24,Retrieval,C_Hall,0
4085,24,Retrieval,C_Hall,0
4086,24,Retrieval,C_Hall,0
4087,24,Retrieval,C_Hall,0
4088,24,Retrieval,SE_Room,1
4089,24,Retrieval,C_Hall,0
4090,24,Retrieval,C_Hall,2
4091,24,Retrieval,C_Hall,0
4092,24,Retrieval,C_Hall,0
4093,24,Retrieval,C_Hall,1
4094,24,Retrieval,C_Hall,0
4095,24,Retrieval,C_Hall,0
4096,24,Retrieval,C_Hall,0
4097,24,Retrieval,SW_Room,0
4098,24,Retrieval,C_Hall,1
4099,24,Retrieval,C_Hall,2
4100,24,Retrieval,NW_Room,1
4101,24,Retrieval,NW_Room,0
4102,24,Retrieval,NW_Room,0
4103,24,Retrieval,NW_Room,0
4104,24,Retrieval,C_Hall,1
4105,24,Retrieval,C_Hall,0
4106,24,Retrieval,C_Hall,0
4107,24,Retrieval,C_Hall,2
4108,24,Retrieval,C_Hall,5
4109,24,Retrieval,C_Hall,0
4110,24,Retrieval,SE_Room,0
4111,24,Retrieval,SE_Room,2
4112,24,Retrieval,SE_Room,2
4113,24,Retrieval,SE_Hall,2
4114,24,Retrieval,SE_Hall,2
4115,24,Retrieval,SE_Hall,1
4116,24,Retrieval,SE_Hall,1
4117,24,Retrieval,SE_Hall,0
4118,24,Retrieval,SE_Hall,0
4119,24,Retrieval,SE_Hall,0
4120,24,Retrieval,SE_Hall,0
4121,24,Retrieval,SE_Hall,0
4122,24,Retrieval,SE_Hall,0
4123,24,Retrieval,SE_Hall,0
4124,24,Retrieval,SE_Hall,0
4125,24,Retrieval,SE_Hall,0
4126,24,Retrieval,SE_Hall,0
4127,24,Retrieval,SE_Hall,3
4128,24,Retrieval,SE_Hall,0
4129,24,Retrieval,SE_Hall,0
4130,24,Retrieval,SE_Hall,1
4131,24,Retrieval,SE_Hall,0
4233,25,Retrieval,Base,0
4234,25,Retrieval,Base,0
4235,25,Retrieval,Base,0
4236,25,Retrieval,S_Passage,1
4237,25,Retrieval,S_Passage,0
4238,25,Retrieval,S_Passage,5
4239,25,Retrieval,C_Hall,0
4240,25,Retrieval,C_Hall,0
4241,25,Retrieval,C_Hall,2
4242,25,Retrieval,C_Hall,7
4243,25,Retrieval,C_Hall,1
4244,25,Retrieval,C_Hall,1
4245,25,Retrieval,C_Hall,0
4246,25,Retrieval,C_Hall,0
4247,25,Retrieval,NW_Room,0
4248,25,Retrieval,NW_Room,1
4249,25,Retrieval,NW_Room,0
4250,25,Retrieval,NW_Room,2
4251,25,Retrieval,NW_Room,0
4252,25,Retrieval,NW_Room,0
4253,25,Retrieval,NW_Room,0
4254,25,Retrieval,NW_Room,0
4255,25,Retrieval,C_Hall,0
4256,25,Retrieval,SW_Room,1
4257,25,Retrieval,SW_Room,0
4258,25,Retrieval,SW_Room,0
4259,25,Retrieval,SW_Room,0
4260,25,Retrieval,SW_Room,0
4261,25,Retrieval,SW_Hall,0
4262,25,Retrieval,SW_Hall,0
4263,25,Retrieval,SW_Hall,1
4264,25,Retrieval,SW_Hall,0
4265,25,Retrieval,SW_Hall,1
4266,25,Retrieval,Base,0
4267,25,Retrieval,Base,0
4268,25,Retrieval,Base,0
4269,25,Retrieval,Base,0
4270,25,Retrieval,Base,0
4271,25,Retrieval,Base,0
4272,25,Retrieval,Base,0
4273,25,Retrieval,Base,4
4274,25,Retrieval,Base,0
4275,25,Retrieval,Base,5
4276,25,Retrieval,Base,5
4277,25,Retrieval,Base,0
4278,25,Retrieval,Base,0
4279,25,Retrieval,Base,1
4280,25,Retrieval,Base,1
4281,25,Retrieval,Base,2
4282,25,Retrieval,Base,0
4283,25,Retrieval,Base,0
4284,25,Retrieval,Base,0
4285,25,Retrieval,Base,0
4286,25,Retrieval,Base,0
4287,25,Retrieval,Base,0
4288,25,Retrieval,Base,0
4289,25,Retrieval,Base,0
4290,25,Retrieval,Base,0
4291,25,Retrieval,Base,1
4292,25,Retrieval,Base,0
4393,26,Retrieval,Base,1
4394,26,Retrieval,Base,1
4395,26,Retrieval,Base,0
4396,26,Retrieval,Base,0
4397,26,Retrieval,SE_Hall,0
4398,26,Retrieval,SE_Hall,0
4399,26,Retrieval,SE_Hall,2
4400,26,Retrieval,SE_Hall,0
4401,26,Retrieval,SE_Hall,1
4402,26,Retrieval,SE_Hall,0
4403,26,Retrieval,SE_Room,0
4404,26,Retrieval,SE_Room,1
4405,26,Retrieval,SE_Room,0
4406,26,Retrieval,SE_Room,2
4407,26,Retrieval,SE_Room,5
4408,26,Retrieval,SE_Room,2
4409,26,Retrieval,SE_Room,1
4410,26,Retrieval,SE_Room,1
4411,26,Retrieval,SE_Room,0
4412,26,Retrieval,C_Hall,1
4413,26,Retrieval,NE_Room,0
4414,26,Retrieval,NE_Room,0
4415,26,Retrieval,NE_Room,0
4416,26,Retrieval,NE_Room,0
4417,26,Retrieval,C_Hall,0
4418,26,Retrieval,C_Hall,0
4419,26,Retrieval,C_Hall,3
4420,26,Retrieval,C_Hall,1
4421,26,Retrieval,C_Hall,0
4422,26,Retrieval,C_Hall,1
4423,26,Retrieval,C_Hall,0
4424,26,Retrieval,C_Hall,0
4425,26,Retrieval,C_Hall,0
4426,26,Retrieval,C_Hall,0
4427,26,Retrieval,C_Hall,0
4428,26,Retrieval,SW_Room,1
4429,26,Retrieval,SW_Room,0
4430,26,Retrieval,SW_Room,0
4431,26,Retrieval,SW_Room,0
4432,26,Retrieval,SW_Room,0
4433,26,Retrieval,C_Hall,0
4434,26,Retrieval,C_Hall,2
4435,26,Retrieval,SW_Room,1
4436,26,Retrieval,SW_Room,2
4437,26,Retrieval,SW_Room,1
4438,26,Retrieval,SW_Room,1
4439,26,Retrieval,SW_Hall,0
4440,26,Retrieval,SW_Hall,0
4441,26,Retrieval,SW_Hall,0
4442,26,Retrieval,SW_Hall,0
4443,26,Retrieval,SW_Hall,1
4444,26,Retrieval,SW_Hall,1
4445,26,Retrieval,SW_Hall,0
4446,26,Retrieval,SW_Hall,0
4447,26,Retrieval,SW_Hall,1
4448,26,Retrieval,SW_Room,3
4449,26,Retrieval,SW_Room,5
4450,26,Retrieval,SW_Room,3
4451,26,Retrieval,SW_Room,3
4452,26,Retrieval,C_Hall,1
4569,27,Retrieval,Base,1
4570,27,Retrieval,Base,1
4571,27,Retrieval,Base,0
4572,27,Retrieval,Base,0
4573,27,Retrieval,Base,0
4574,27,Retrieval,Base,0
4575,27,Retrieval,Base,0
4576,27,Retrieval,SW_Hall,1
4577,27,Retrieval,SW_Hall,0
4578,27,Retrieval,SW_Hall,2
4579,27,Retrieval,SW_Hall,1
4580,27,Retrieval,SW_Hall,3
4581,27,Retrieval,SW_Hall,2
4582,27,Retrieval,SW_Hall,1
4583,27,Retrieval,SW_Hall,2
4584,27,Retrieval,SW_Hall,0
4585,27,Retrieval,SW_Room,1
4586,27,Retrieval,SW_Room,1
4587,27,Retrieval,SW_Room,3
4588,27,Retrieval,C_Hall,0
4589,27,Retrieval,C_Hall,0
4590,27,Retrieval,NW_Room,0
4591,27,Retrieval,NW_Room,0
4592,27,Retrieval,NW_Room,1
4593,27,Retrieval,NW_Room,1
4594,27,Retrieval,NW_Room,3
4595,27,Retrieval,NW_Hall,0
4596,27,Retrieval,NW_Hall,1
4597,27,Retrieval,NW_Hall,2
4598,27,Retrieval,NW_Hall,0
4599,27,Retrieval,NW_Hall,1
4600,27,Retrieval,NW_Hall,2
4601,27,Retrieval,NW_Hall,0
4602,27,Retrieval,NW_Hall,0
4603,27,Retrieval,N_Passage,1
4604,27,Retrieval,NE_Hall,1
4605,27,Retrieval,NE_Hall,0
4606,27,Retrieval,NE_Hall,1
4607,27,Retrieval,NE_Hall,0
4608,27,Retrieval,NE_Hall,0
4609,27,Retrieval,NE_Hall,2
4610,27,Retrieval,NE_Hall,3
4611,27,Retrieval,NE_Room,4
4612,27,Retrieval,NE_Room,1
4613,27,Retrieval,NE_Room,1
4614,27,Retrieval,NE_Room,1
4615,27,Retrieval,NE_Room,0
4616,27,Retrieval,NE_Room,0
4617,27,Retrieval,C_Hall,0
4618,27,Retrieval,SE_Room,0
4619,27,Retrieval,SE_Room,4
4620,27,Retrieval,SE_Room,3
4621,27,Retrieval,SE_Room,0
4622,27,Retrieval,SE_Hall,0
4623,27,Retrieval,SE_Hall,9
4624,27,Retrieval,SE_Hall,6
4625,27,Retrieval,SE_Hall,0
4626,27,Retrieval,SE_Hall,3
4627,27,Retrieval,Base,1
4628,27,Retrieval,Base,2
4736,28,Retrieval,Base,0
4737,28,Retrieval,Base,0
4738,28,Retrieval,Base,1
4739,28,Retrieval,Base,0
4740,28,Retrieval,Base,0
4741,28,Retrieval,S_Passage,0
4742,28,Retrieval,S_Passage,0
4743,28,Retrieval,S_Passage,0
4744,28,Retrieval,C_Hall,0
4745,28,Retrieval,C_Hall,0
4746,28,Retrieval,C_Hall,0
4747,28,Retrieval,C_Hall,0
4748,28,Retrieval,C_Hall,1
4749,28,Retrieval,C_Hall,1
4750,28,Retrieval,C_Hall,0
4751,28,Retrieval,C_Hall,2
4752,28,Retrieval,C_Hall,0
4753,28,Retrieval,C_Hall,1
4754,28,Retrieval,C_Hall,0
4755,28,Retrieval,C_Hall,1
4756,28,Retrieval,SE_Room,4
4757,28,Retrieval,SE_Room,3
4758,28,Retrieval,SE_Room,1
4759,28,Retrieval,SE_Room,0
4760,28,Retrieval,SE_Hall,1
4761,28,Retrieval,SE_Hall,2
4762,28,Retrieval,SE_Hall,6
4763,28,Retrieval,SE_Hall,0
4764,28,Retrieval,SE_Hall,1
4765,28,Retrieval,Base,1
4766,28,Retrieval,Base,1
4767,28,Retrieval,Base,0
4768,28,Retrieval,Base,0
4769,28,Retrieval,Base,2
4770,28,Retrieval,Base,1
4771,28,Retrieval,Base,0
4772,28,Retrieval,Base,0
4773,28,Retrieval,Base,0
4774,28,Retrieval,Base,4
4775,28,Retrieval,Base,0
4776,28,Retrieval,S_Passage,0
4777,28,Retrieval,S_Passage,0
4778,28,Retrieval,S_Passage,0
4779,28,Retrieval,C_Hall,1
4780,28,Retrieval,C_Hall,0
4781,28,Retrieval,C_Hall,1
4782,28,Retrieval,SW_Room,0
4783,28,Retrieval,SW_Room,1
4784,28,Retrieval,SW_Room,0
4785,28,Retrieval,SW_Room,1
4786,28,Retrieval,SW_Hall,1
4787,28,Retrieval,SW_Hall,2
4788,28,Retrieval,SW_Hall,0
4789,28,Retrieval,SW_Hall,0
4790,28,Retrieval,SW_Hall,0
4791,28,Retrieval,SW_Hall,0
4792,28,Retrieval,SW_Hall,1
4793,28,Retrieval,SW_Hall,3
4794,28,Retrieval,SW_Hall,0
4795,28,Retrieval,SW_Room,0
4904,29,Retrieval,Base,0
4905,29,Retrieval,Base,0
4906,29,Retrieval,Base,0
4907,29,Retrieval,Base,0
4908,29,Retrieval,SW_Hall,0
4909,29,Retrieval,SW_Hall,1
4910,29,Retrieval,SW_Hall,0
4911,29,Retrieval,SW_Hall,1
4912,29,Retrieval,SW_Hall,0
4913,29,Retrieval,SW_Hall,0
4914,29,Retrieval,SW_Room,2
4915,29,Retrieval,SW_Room,0
4916,29,Retrieval,SW_Room,0
4917,29,Retrieval,SW_Room,0
4918,29,Retrieval,SW_Room,0
4919,29,Retrieval,SW_Room,0
4920,29,Retrieval,SW_Room,0
4921,29,Retrieval,SW_Room,1
4922,29,Retrieval,SW_Room,0
4923,29,Retrieval,SW_Room,0
4924,29,Retrieval,SW_Room,0
4925,29,Retrieval,SW_Room,0
4926,29,Retrieval,SW_Room,0
4927,29,Retrieval,SW_Room,0
4928,29,Retrieval,SW_Room,0
4929,29,Retrieval,SW_Room,1
4930,29,Retrieval,SW_Room,0
4931,29,Retrieval,SW_Room,0
4932,29,Retrieval,SW_Room,0
4933,29,Retrieval,SW_Room,1
4934,29,Retrieval,SW_Room,0
4935,29,Retrieval,C_Hall,0
4936,29,Retrieval,C_Hall,0
4937,29,Retrieval,C_Hall,0
4938,29,Retrieval,NW_Room,0
4939,29,Retrieval,NW_Room,0
4940,29,Retrieval,NW_Room,1
4941,29,Retrieval,NW_Room,2
4942,29,Retrieval,NW_Room,0
4943,29,Retrieval,NW_Room,0
4944,29,Retrieval,NW_Room,0
4945,29,Retrieval,NW_Hall,0
4946,29,Retrieval,NW_Hall,0
4947,29,Retrieval,NW_Hall,0
4948,29,Retrieval,NW_Hall,1
4949,29,Retrieval,NW_Hall,2
4950,29,Retrieval,NW_Hall,1
4951,29,Retrieval,N_Passage,0
4952,29,Retrieval,N_Passage,2
4953,29,Retrieval,N_Passage,2
4954,29,Retrieval,N_Passage,1
4955,29,Retrieval,N_Passage,0
4956,29,Retrieval,N_Passage,0
4957,29,Retrieval,C_Hall,0
4958,29,Retrieval,C_Hall,0
4959,29,Retrieval,C_Hall,0
4960,29,Retrieval,C_Hall,0
4961,29,Retrieval,C_Hall,0
4962,29,Retrieval,C_Hall,0
4963,29,Retrieval,C_Hall,0
5070,30,Retrieval,Base,0
5071,30,Retrieval,Base,0
5072,30,Retrieval,Base,1
5073,30,Retrieval,Base,2
5074,30,Retrieval,Base,0
5075,30,Retrieval,SE_Hall,0
5076,30,Retrieval,SE_Hall,0
5077,30,Retrieval,SE_Hall,2
5078,30,Retrieval,SE_Hall,0
5079,30,Retrieval,SE_Hall,0
5080,30,Retrieval,SE_Room,0
5081,30,Retrieval,SE_Room,0
5082,30,Retrieval,SE_Room,1
5083,30,Retrieval,SE_Room,0
5084,30,Retrieval,SE_Room,1
5085,30,Retrieval,SE_Room,1
5086,30,Retrieval,SE_Room,1
5087,30,Retrieval,SE_Room,0
5088,30,Retrieval,SE_Room,0
5089,30,Retrieval,SE_Room,0
5090,30,Retrieval,SE_Room,0
5091,30,Retrieval,SE_Room,0
5092,30,Retrieval,C_Hall,0
5093,30,Retrieval,NE_Room,1
5094,30,Retrieval,NE_Room,0
5095,30,Retrieval,NE_Room,1
5096,30,Retrieval,NE_Room,3
5097,30,Retrieval,NE_Room,0
5098,30,Retrieval,NE_Room,1
5099,30,Retrieval,NE_Hall,1
5100,30,Retrieval,NE_Hall,1
5101,30,Retrieval,NE_Hall,0
5102,30,Retrieval,NE_Hall,0
5103,30,Retrieval,NE_Hall,0
5104,30,Retrieval,NE_Hall,0
5105,30,Retrieval,NE_Hall,2
5106,30,Retrieval,N_Passage,0
5107,30,Retrieval,NW_Hall,0
5108,30,Retrieval,NW_Hall,1
5109,30,Retrieval,NW_Hall,0
5110,30,Retrieval,NW_Hall,0
5111,30,Retrieval,NW_Hall,0
5112,30,Retrieval,NW_Hall,0
5113,30,Retrieval,NW_Hall,1
5114,30,Retrieval,NW_Hall,3
5115,30,Retrieval,NW_Hall,3
5116,30,Retrieval,NW_Room,0
5117,30,Retrieval,NW_Room,0
5118,30,Retrieval,NW_Room,0
5119,30,Retrieval,NW_Room,1
5120,30,Retrieval,NW_Room,2
5121,30,Retrieval,C_Hall,0
5122,30,Retrieval,SW_Room,0
5123,30,Retrieval,SW_Room,1
5124,30,Retrieval,SW_Room,0
5125,30,Retrieval,SW_Room,0
5126,30,Retrieval,SW_Hall,0
5127,30,Retrieval,SW_Hall,0
5128,30,Retrieval,SW_Hall,1
5129,30,Retrieval,SW_Hall,0
5233,31,Retrieval,Base,0
5234,31,Retrieval,Base,0
5235,31,Retrieval,Base,0
5236,31,Retrieval,Base,0
5237,31,Retrieval,S_Passage,0
5238,31,Retrieval,S_Passage,0
5239,31,Retrieval,S_Passage,0
5240,31,Retrieval,C_Hall,0
5241,31,Retrieval,C_Hall,0
5242,31,Retrieval,C_Hall,0
5243,31,Retrieval,C_Hall,0
5244,31,Retrieval,C_Hall,0
5245,31,Retrieval,C_Hall,0
5246,31,Retrieval,C_Hall,0
5247,31,Retrieval,C_Hall,0
5248,31,Retrieval,C_Hall,0
5249,31,Retrieval,SE_Room,0
5250,31,Retrieval,SE_Room,0
5251,31,Retrieval,SE_Room,0
5252,31,Retrieval,SE_Hall,0
5253,31,Retrieval,SE_Hall,0
5254,31,Retrieval,SE_Hall,0
5255,31,Retrieval,SE_Hall,0
5256,31,Retrieval,SE_Hall,0
5257,31,Retrieval,SE_Hall,0
5258,31,Retrieval,SE_Hall,0
5259,31,Retrieval,SE_Hall,0
5260,31,Retrieval,SE_Room,0
5261,31,Retrieval,SE_Room,0
5262,31,Retrieval,SE_Room,0
5263,31,Retrieval,C_Hall,0
5264,31,Retrieval,C_Hall,0
5265,31,Retrieval,C_Hall,0
5266,31,Retrieval,C_Hall,0
5267,31,Retrieval,C_Hall,0
5268,31,Retrieval,C_Hall,0
5269,31,Retrieval,SW_Room,0
5270,31,Retrieval,SW_Room,0
5271,31,Retrieval,SW_Room,0
5272,31,Retrieval,SW_Room,0
5273,31,Retrieval,SW_Room,0
5274,31,Retrieval,SW_Room,0
5275,31,Retrieval,SW_Room,0
5276,31,Retrieval,SW_Room,0
5277,31,Retrieval,SW_Room,0
5278,31,Retrieval,SW_Room,0
5279,31,Retrieval,SW_Room,0
5280,31,Retrieval,SW_Room,0
5281,31,Retrieval,SW_Room,0
5282,31,Retrieval,SW_Room,0
5283,31,Retrieval,SW_Hall,0
5284,31,Retrieval,SW_Hall,0
5285,31,Retrieval,SW_Hall,0
5286,31,Retrieval,SW_Hall,0
5287,31,Retrieval,SW_Hall,0
5288,31,Retrieval,SW_Hall,0
5289,31,Retrieval,SW_Hall,0
5290,31,Retrieval,SW_Hall,0
5291,31,Retrieval,SW_Hall,0
5292,31,Retrieval,SW_Hall,0
5398,32,Retrieval,Base,0
5399,32,Retrieval,Base,0
5400,32,Retrieval,Base,0
5401,32,Retrieval,Base,0
5402,32,Retrieval,Base,0
5403,32,Retrieval,SE_Hall,0
5404,32,Retrieval,SE_Hall,0
5405,32,Retrieval,SE_Hall,0
5406,32,Retrieval,SE_Hall,0
5407,32,Retrieval,SE_Hall,0
5408,32,Retrieval,SE_Hall,0
5409,32,Retrieval,SE_Hall,0
5410,32,Retrieval,SE_Hall,0
5411,32,Retrieval,SE_Room,0
5412,32,Retrieval,SE_Room,0
5413,32,Retrieval,SE_Room,0
5414,32,Retrieval,SE_Room,0
5415,32,Retrieval,SE_Room,0
5416,32,Retrieval,SE_Room,0
5417,32,Retrieval,SE_Room,0
5418,32,Retrieval,SE_Room,0
5419,32,Retrieval,SE_Room,0
5420,32,Retrieval,C_Hall,0
5421,32,Retrieval,C_Hall,0
5422,32,Retrieval,C_Hall,0
5423,32,Retrieval,C_Hall,0
5424,32,Retrieval,C_Hall,0
5425,32,Retrieval,C_Hall,0
5426,32,Retrieval,C_Hall,0
5427,32,Retrieval,C_Hall,0
5428,32,Retrieval,C_Hall,0
5429,32,Retrieval,C_Hall,0
5430,32,Retrieval,C_Hall,0
5431,32,Retrieval,SW_Room,0
5432,32,Retrieval,SW_Room,0
5433,32,Retrieval,SW_Room,0
5434,32,Retrieval,SW_Room,0
5435,32,Retrieval,SW_Room,0
5436,32,Retrieval,SW_Room,0
5437,32,Retrieval,SW_Room,0
5438,32,Retrieval,SW_Room,0
5439,32,Retrieval,SW_Room,0
5440,32,Retrieval,SW_Room,0
5441,32,Retrieval,SW_Room,0
5442,32,Retrieval,SW_Room,0
5443,32,Retrieval,SW_Room,0
5444,32,Retrieval,SW_Hall,0
5445,32,Retrieval,SW_Hall,0
5446,32,Retrieval,SW_Hall,0
5447,32,Retrieval,SW_Hall,0
5448,32,Retrieval,SW_Hall,0
5449,32,Retrieval,SW_Hall,0
5450,32,Retrieval,SW_Hall,0
5451,32,Retrieval,SW_Hall,0
5452,32,Retrieval,SW_Hall,0
5453,32,Retrieval,SW_Hall,0
5454,32,Retrieval,SW_Room,0
5455,32,Retrieval,SW_Room,0
5456,32,Retrieval,SW_Room,0
5457,32,Retrieval,SW_Room,0
5566,33,Retrieval,Base,0
5567,33,Retrieval,Base,0
5568,33,Retrieval,Base,0
5569,33,Retrieval,Base,0
5570,33,Retrieval,SW_Hall,0
5571,33,Retrieval,SW_Hall,0
5572,33,Retrieval,SW_Hall,0
5573,33,Retrieval,SW_Hall,0
5574,33,Retrieval,SW_Room,0
5575,33,Retrieval,SW_Room,0
5576,33,Retrieval,SW_Room,0
5577,33,Retrieval,SW_Room,0
5578,33,Retrieval,SW_Room,0
5579,33,Retrieval,SW_Room,0
5580,33,Retrieval,C_Hall,0
5581,33,Retrieval,C_Hall,0
5582,33,Retrieval,C_Hall,0
5583,33,Retrieval,C_Hall,0
5584,33,Retrieval,C_Hall,0
5585,33,Retrieval,C_Hall,0
5586,33,Retrieval,C_Hall,0
5587,33,Retrieval,C_Hall,0
5588,33,Retrieval,C_Hall,0
5589,33,Retrieval,C_Hall,0
5590,33,Retrieval,C_Hall,0
5591,33,Retrieval,C_Hall,0
5592,33,Retrieval,C_Hall,0
5593,33,Retrieval,C_Hall,0
5594,33,Retrieval,SE_Room,0
5595,33,Retrieval,SE_Room,0
5596,33,Retrieval,SE_Room,0
5597,33,Retrieval,SE_Room,0
5598,33,Retrieval,SE_Hall,0
5599,33,Retrieval,SE_Hall,0
5600,33,Retrieval,SE_Hall,0
5601,33,Retrieval,SE_Hall,0
5602,33,Retrieval,SE_Hall,0
5603,33,Retrieval,Base,0
5604,33,Retrieval,Base,0
5605,33,Retrieval,Base,0
5606,33,Retrieval,Base,0
5607,33,Retrieval,Base,0
5608,33,Retrieval,Base,0
5609,33,Retrieval,Base,0
5610,33,Retrieval,Base,0
5611,33,Retrieval,Base,0
5612,33,Retrieval,Base,0
5613,33,Retrieval,Base,0
5614,33,Retrieval,Base,0
5615,33,Retrieval,Base,0
5616,33,Retrieval,Base,0
5617,33,Retrieval,Base,0
5618,33,Retrieval,Base,0
5619,33,Retrieval,Base,0
5620,33,Retrieval,Base,0
5621,33,Retrieval,Base,0
5622,33,Retrieval,Base,0
5623,33,Retrieval,Base,0
5624,33,Retrieval,Base,0
5625,33,Retrieval,Base,0
5726,34,Retrieval,Base,0
5727,34,Retrieval,Base,0
5728,34,Retrieval,Base,0
5729,34,Retrieval,Base,0
5730,34,Retrieval,SE_Hall,0
5731,34,Retrieval,SE_Hall,0
5732,34,Retrieval,SE_Hall,0
5733,34,Retrieval,SE_Hall,0
5734,34,Retrieval,SE_Hall,0
5735,34,Retrieval,SE_Hall,0
5736,34,Retrieval,SE_Room,0
5737,34,Retrieval,SE_Room,0
5738,34,Retrieval,SE_Room,0
5739,34,Retrieval,SE_Room,0
5740,34,Retrieval,C_Hall,0
5741,34,Retrieval,NE_Room,0
5742,34,Retrieval,NE_Room,0
5743,34,Retrieval,NE_Room,0
5744,34,Retrieval,NE_Room,0
5745,34,Retrieval,NE_Hall,0
5746,34,Retrieval,NE_Hall,0
5747,34,Retrieval,NE_Hall,0
5748,34,Retrieval,NE_Hall,0
5749,34,Retrieval,NE_Hall,0
5750,34,Retrieval,NE_Hall,0
5751,34,Retrieval,NE_Hall,0
5752,34,Retrieval,NE_Hall,0
5753,34,Retrieval,N_Passage,0
5754,34,Retrieval,N_Passage,0
5755,34,Retrieval,NW_Hall,0
5756,34,Retrieval,NW_Hall,0
5757,34,Retrieval,NW_Hall,0
5758,34,Retrieval,NW_Hall,0
5759,34,Retrieval,NW_Hall,0
5760,34,Retrieval,NW_Hall,0
5761,34,Retrieval,NW_Hall,0
5762,34,Retrieval,NW_Hall,0
5763,34,Retrieval,NW_Hall,0
5764,34,Retrieval,NW_Room,0
5765,34,Retrieval,NW_Room,0
5766,34,Retrieval,NW_Room,0
5767,34,Retrieval,NW_Room,0
5768,34,Retrieval,NW_Room,0
5769,34,Retrieval,NW_Room,0
5770,34,Retrieval,NW_Room,0
5771,34,Retrieval,C_Hall,0
5772,34,Retrieval,C_Hall,0
5773,34,Retrieval,SW_Room,0
5774,34,Retrieval,SW_Room,0
5775,34,Retrieval,SW_Room,0
5776,34,Retrieval,SW_Room,0
5777,34,Retrieval,SW_Room,0
5778,34,Retrieval,SW_Hall,0
5779,34,Retrieval,SW_Hall,0
5780,34,Retrieval,SW_Hall,0
5781,34,Retrieval,SW_Hall,0
5782,34,Retrieval,SW_Hall,0
5783,34,Retrieval,Base,0
5784,34,Retrieval,Base,0
5785,34,Retrieval,Base,0
5886,35,Retrieval,Base,0
5887,35,Retrieval,Base,0
5888,35,Retrieval,Base,0
5889,35,Retrieval,Base,0
5890,35,Retrieval,SW_Hall,0
5891,35,Retrieval,SW_Hall,0
5892,35,Retrieval,SW_Hall,0
5893,35,Retrieval,SW_Hall,0
5894,35,Retrieval,SW_Room,0
5895,35,Retrieval,SW_Room,0
5896,35,Retrieval,SW_Room,0
5897,35,Retrieval,SW_Room,0
5898,35,Retrieval,SW_Room,0
5899,35,Retrieval,SW_Room,0
5900,35,Retrieval,SW_Room,0
5901,35,Retrieval,SW_Room,0
5902,35,Retrieval,SW_Room,0
5903,35,Retrieval,SW_Room,0
5904,35,Retrieval,SW_Room,0
5905,35,Retrieval,C_Hall,0
5906,35,Retrieval,C_Hall,0
5907,35,Retrieval,NW_Room,0
5908,35,Retrieval,NW_Room,0
5909,35,Retrieval,NW_Room,0
5910,35,Retrieval,NW_Room,0
5911,35,Retrieval,NW_Room,0
5912,35,Retrieval,NW_Room,0
5913,35,Retrieval,NW_Hall,0
5914,35,Retrieval,NW_Hall,0
5915,35,Retrieval,NW_Hall,0
5916,35,Retrieval,NW_Hall,0
5917,35,Retrieval,NW_Hall,0
5918,35,Retrieval,NW_Room,0
5919,35,Retrieval,NW_Room,0
5920,35,Retrieval,NW_Room,0
5921,35,Retrieval,NW_Room,0
5922,35,Retrieval,C_Hall,0
5923,35,Retrieval,C_Hall,0
5924,35,Retrieval,C_Hall,0
5925,35,Retrieval,S_Passage,0
5926,35,Retrieval,S_Passage,0
5927,35,Retrieval,S_Passage,0
5928,35,Retrieval,Base,0
5929,35,Retrieval,Base,0
5930,35,Retrieval,Base,0
5931,35,Retrieval,Base,0
5932,35,Retrieval,Base,0
5933,35,Retrieval,Base,0
5934,35,Retrieval,Base,0
5935,35,Retrieval,Base,0
5936,35,Retrieval,Base,0
5937,35,Retrieval,Base,0
5938,35,Retrieval,Base,0
5939,35,Retrieval,Base,0
5940,35,Retrieval,Base,0
5941,35,Retrieval,Base,0
5942,35,Retrieval,Base,0
5943,35,Retrieval,Base,0
5944,35,Retrieval,Base,0
5945,35,Retrieval,Base,0
6046,36,Retrieval,Base,0
6047,36,Retrieval,Base,0
6048,36,Retrieval,Base,0
6049,36,Retrieval,S_Passage,0
6050,36,Retrieval,S_Passage,0
6051,36,Retrieval,S_Passage,0
6052,36,Retrieval,S_Passage,0
6053,36,Retrieval,C_Hall,0
6054,36,Retrieval,C_Hall,0
6055,36,Retrieval,N_Passage,0
6056,36,Retrieval,N_Passage,0
6057,36,Retrieval,N_Passage,0
6058,36,Retrieval,N_Passage,0
6059,36,Retrieval,N_Passage,0
6060,36,Retrieval,N_Passage,0
6061,36,Retrieval,NE_Hall,0
6062,36,Retrieval,NE_Hall,0
6063,36,Retrieval,NE_Hall,0
6064,36,Retrieval,NE_Hall,0
6065,36,Retrieval,NE_Hall,0
6066,36,Retrieval,NE_Hall,0
6067,36,Retrieval,NE_Hall,0
6068,36,Retrieval,NE_Room,0
6069,36,Retrieval,NE_Room,0
6070,36,Retrieval,NE_Room,0
6071,36,Retrieval,C_Hall,0
6072,36,Retrieval,C_Hall,0
6073,36,Retrieval,SE_Room,0
6074,36,Retrieval,SE_Room,0
6075,36,Retrieval,SE_Room,0
6076,36,Retrieval,SE_Room,0
6077,36,Retrieval,SE_Room,0
6078,36,Retrieval,SE_Hall,0
6079,36,Retrieval,SE_Hall,0
6080,36,Retrieval,SE_Hall,0
6081,36,Retrieval,SE_Hall,0
6082,36,Retrieval,SE_Hall,0
6083,36,Retrieval,Base,0
6084,36,Retrieval,Base,0
6085,36,Retrieval,Base,0
6086,36,Retrieval,Base,0
6087,36,Retrieval,Base,0
6088,36,Retrieval,Base,0
6089,36,Retrieval,Base,0
6090,36,Retrieval,Base,0
6091,36,Retrieval,Base,0
6092,36,Retrieval,Base,0
6093,36,Retrieval,Base,0
6094,36,Retrieval,Base,0
6095,36,Retrieval,Base,0
6096,36,Retrieval,Base,0
6097,36,Retrieval,Base,0
6098,36,Retrieval,Base,0
6099,36,Retrieval,Base,0
6100,36,Retrieval,Base,0
6101,36,Retrieval,Base,0
6102,36,Retrieval,Base,0
6103,36,Retrieval,Base,0
6104,36,Retrieval,Base,0
6105,36,Retrieval,Base,0
